INFO 2026-05-09 17:38:12,733 autoreload 20008 33664 Watching for file changes with StatReloader
INFO 2026-05-09 17:39:49,987 autoreload 51168 33932 Watching for file changes with StatReloader
INFO 2026-05-09 18:00:46,751 autoreload 2896 31756 Watching for file changes with StatReloader
INFO 2026-05-09 18:02:00,982 autoreload 17796 46740 Watching for file changes with StatReloader
INFO 2026-05-09 18:03:15,830 autoreload 10328 47844 Watching for file changes with StatReloader
INFO 2026-05-09 18:04:12,776 autoreload 35300 35824 Watching for file changes with StatReloader
INFO 2026-05-09 18:05:40,883 autoreload 35300 35824 D:\Documents\UFAA\code\ufaa_prod_backend\ufaamobilebackend\ufaamobilebackend\settings.py changed, reloading.
INFO 2026-05-09 18:05:42,204 autoreload 44696 27576 Watching for file changes with StatReloader
INFO 2026-05-09 18:06:32,365 autoreload 27544 48456 Watching for file changes with StatReloader
INFO 2026-05-09 18:09:44,442 autoreload 44696 27576 D:\Documents\UFAA\code\ufaa_prod_backend\ufaamobilebackend\ufaamobilebackend\settings.py changed, reloading.
INFO 2026-05-09 18:09:44,902 autoreload 27544 48456 D:\Documents\UFAA\code\ufaa_prod_backend\ufaamobilebackend\ufaamobilebackend\settings.py changed, reloading.
INFO 2026-05-09 18:09:45,845 autoreload 52396 37992 Watching for file changes with StatReloader
INFO 2026-05-09 18:09:45,850 autoreload 39784 12932 Watching for file changes with StatReloader
INFO 2026-05-09 18:13:09,041 autoreload 52396 37992 D:\Documents\UFAA\code\ufaa_prod_backend\ufaamobilebackend\ufaamobilebackend\settings.py changed, reloading.
INFO 2026-05-09 18:13:10,230 autoreload 44412 4432 Watching for file changes with StatReloader
INFO 2026-05-09 18:13:15,718 autoreload 49868 49000 Watching for file changes with StatReloader
INFO 2026-05-09 18:16:01,314 autoreload 49868 49000 D:\Documents\UFAA\code\ufaa_prod_backend\ufaamobilebackend\ufaamobilebackend\settings.py changed, reloading.
INFO 2026-05-09 18:16:01,318 autoreload 44412 4432 D:\Documents\UFAA\code\ufaa_prod_backend\ufaamobilebackend\ufaamobilebackend\settings.py changed, reloading.
INFO 2026-05-09 18:16:02,445 autoreload 12068 26104 Watching for file changes with StatReloader
INFO 2026-05-09 18:16:02,446 autoreload 1488 38572 Watching for file changes with StatReloader
INFO 2026-05-09 18:54:12,122 autoreload 1488 38572 D:\Documents\UFAA\code\ufaa_prod_backend\ufaamobilebackend\ufaamobilebackend\settings.py changed, reloading.
INFO 2026-05-09 18:54:12,128 autoreload 12068 26104 D:\Documents\UFAA\code\ufaa_prod_backend\ufaamobilebackend\ufaamobilebackend\settings.py changed, reloading.
INFO 2026-05-09 18:54:13,528 autoreload 46052 33108 Watching for file changes with StatReloader
INFO 2026-05-09 18:54:25,876 autoreload 46052 33108 D:\Documents\UFAA\code\ufaa_prod_backend\ufaamobilebackend\apps\live_operations\apps.py changed, reloading.
INFO 2026-05-09 18:54:25,884 autoreload 32304 49984 D:\Documents\UFAA\code\ufaa_prod_backend\ufaamobilebackend\apps\live_operations\apps.py changed, reloading.
INFO 2026-05-09 18:54:27,297 autoreload 37516 52252 Watching for file changes with StatReloader
INFO 2026-05-09 18:54:27,298 autoreload 36388 51084 Watching for file changes with StatReloader
INFO 2026-05-09 18:55:06,590 autoreload 36388 51084 D:\Documents\UFAA\code\ufaa_prod_backend\ufaamobilebackend\apps\live_operations\models.py changed, reloading.
INFO 2026-05-09 18:55:06,598 autoreload 37516 52252 D:\Documents\UFAA\code\ufaa_prod_backend\ufaamobilebackend\apps\live_operations\models.py changed, reloading.
INFO 2026-05-09 18:55:07,633 autoreload 22312 50704 Watching for file changes with StatReloader
INFO 2026-05-09 18:55:07,634 autoreload 48192 4760 Watching for file changes with StatReloader
INFO 2026-05-09 18:57:20,409 autoreload 22312 50704 D:\Documents\UFAA\code\ufaa_prod_backend\ufaamobilebackend\ufaamobilebackend\urls.py changed, reloading.
INFO 2026-05-09 18:57:20,409 autoreload 48192 4760 D:\Documents\UFAA\code\ufaa_prod_backend\ufaamobilebackend\ufaamobilebackend\urls.py changed, reloading.
INFO 2026-05-09 18:57:21,686 autoreload 30404 21364 Watching for file changes with StatReloader
INFO 2026-05-09 18:57:21,686 autoreload 26416 20884 Watching for file changes with StatReloader
INFO 2026-05-09 18:57:30,215 autoreload 30404 21364 D:\Documents\UFAA\code\ufaa_prod_backend\ufaamobilebackend\ufaamobilebackend\urls.py changed, reloading.
INFO 2026-05-09 18:57:30,219 autoreload 26416 20884 D:\Documents\UFAA\code\ufaa_prod_backend\ufaamobilebackend\ufaamobilebackend\urls.py changed, reloading.
INFO 2026-05-09 18:57:31,119 autoreload 41244 12036 Watching for file changes with StatReloader
INFO 2026-05-09 18:57:31,125 autoreload 46540 32168 Watching for file changes with StatReloader
INFO 2026-05-10 08:33:39,363 autoreload 46540 32168 D:\Documents\UFAA\code\ufaa_prod_backend\ufaamobilebackend\ufaamobilebackend\urls.py changed, reloading.
INFO 2026-05-10 08:33:40,145 autoreload 41244 12036 D:\Documents\UFAA\code\ufaa_prod_backend\ufaamobilebackend\ufaamobilebackend\urls.py changed, reloading.
INFO 2026-05-10 08:33:41,792 autoreload 48244 50448 Watching for file changes with StatReloader
INFO 2026-05-10 08:33:41,792 autoreload 19288 46964 Watching for file changes with StatReloader
INFO 2026-05-10 08:35:05,085 autoreload 48244 50448 D:\Documents\UFAA\code\ufaa_prod_backend\ufaamobilebackend\ufaamobilebackend\urls.py changed, reloading.
INFO 2026-05-10 08:35:05,125 autoreload 19288 46964 D:\Documents\UFAA\code\ufaa_prod_backend\ufaamobilebackend\ufaamobilebackend\urls.py changed, reloading.
INFO 2026-05-10 08:35:06,629 autoreload 11528 32476 Watching for file changes with StatReloader
INFO 2026-05-10 08:35:06,629 autoreload 44608 48940 Watching for file changes with StatReloader
WARNING 2026-05-10 08:35:23,069 log 44608 48432 Not Found: /ufaa-mobile-api/
WARNING 2026-05-10 08:35:23,071 log 44608 48432 "GET /ufaa-mobile-api/ HTTP/1.1" 404 3394
WARNING 2026-05-10 08:35:23,225 log 44608 48432 Not Found: /favicon.ico
WARNING 2026-05-10 08:35:23,226 log 44608 48432 "GET /favicon.ico HTTP/1.1" 404 2378
INFO 2026-05-10 08:35:36,865 log 44608 48432 "GET /ufaa-mobile-api/search/assets HTTP/1.1" 301 0
ERROR 2026-05-10 08:35:37,236 log 44608 48432 Internal Server Error: /ufaa-mobile-api/search/assets/
Traceback (most recent call last):
  File "D:\Documents\UFAA\code\ufaa_prod_backend\env_ufaa5\Lib\site-packages\django\core\handlers\exception.py", line 55, in inner
    response = get_response(request)
  File "D:\Documents\UFAA\code\ufaa_prod_backend\env_ufaa5\Lib\site-packages\django\core\handlers\base.py", line 198, in _get_response
    response = wrapped_callback(request, *callback_args, **callback_kwargs)
  File "D:\Documents\UFAA\code\ufaa_prod_backend\env_ufaa5\Lib\site-packages\django\views\decorators\csrf.py", line 65, in _view_wrapper
    return view_func(request, *args, **kwargs)
  File "D:\Documents\UFAA\code\ufaa_prod_backend\env_ufaa5\Lib\site-packages\django\views\generic\base.py", line 106, in view
    return self.dispatch(request, *args, **kwargs)
           ~~~~~~~~~~~~~^^^^^^^^^^^^^^^^^^^^^^^^^^
  File "D:\Documents\UFAA\code\ufaa_prod_backend\env_ufaa5\Lib\site-packages\rest_framework\views.py", line 515, in dispatch
    response = self.handle_exception(exc)
  File "D:\Documents\UFAA\code\ufaa_prod_backend\env_ufaa5\Lib\site-packages\rest_framework\views.py", line 475, in handle_exception
    self.raise_uncaught_exception(exc)
    ~~~~~~~~~~~~~~~~~~~~~~~~~~~~~^^^^^
  File "D:\Documents\UFAA\code\ufaa_prod_backend\env_ufaa5\Lib\site-packages\rest_framework\views.py", line 486, in raise_uncaught_exception
    raise exc
  File "D:\Documents\UFAA\code\ufaa_prod_backend\env_ufaa5\Lib\site-packages\rest_framework\views.py", line 503, in dispatch
    self.initial(request, *args, **kwargs)
    ~~~~~~~~~~~~^^^^^^^^^^^^^^^^^^^^^^^^^^
  File "D:\Documents\UFAA\code\ufaa_prod_backend\env_ufaa5\Lib\site-packages\rest_framework\views.py", line 420, in initial
    self.perform_authentication(request)
    ~~~~~~~~~~~~~~~~~~~~~~~~~~~^^^^^^^^^
  File "D:\Documents\UFAA\code\ufaa_prod_backend\env_ufaa5\Lib\site-packages\rest_framework\views.py", line 330, in perform_authentication
    request.user
  File "D:\Documents\UFAA\code\ufaa_prod_backend\env_ufaa5\Lib\site-packages\rest_framework\request.py", line 232, in user
    self._authenticate()
    ~~~~~~~~~~~~~~~~~~^^
  File "D:\Documents\UFAA\code\ufaa_prod_backend\env_ufaa5\Lib\site-packages\rest_framework\request.py", line 385, in _authenticate
    user_auth_tuple = authenticator.authenticate(self)
  File "D:\Documents\UFAA\code\ufaa_prod_backend\env_ufaa5\Lib\site-packages\rest_framework\authentication.py", line 127, in authenticate
    if not user or not user.is_active:
           ^^^^
  File "D:\Documents\UFAA\code\ufaa_prod_backend\env_ufaa5\Lib\site-packages\django\utils\functional.py", line 251, in inner
    self._setup()
    ~~~~~~~~~~~^^
  File "D:\Documents\UFAA\code\ufaa_prod_backend\env_ufaa5\Lib\site-packages\django\utils\functional.py", line 404, in _setup
    self._wrapped = self._setupfunc()
                    ~~~~~~~~~~~~~~~^^
  File "D:\Documents\UFAA\code\ufaa_prod_backend\env_ufaa5\Lib\site-packages\django_otp\middleware.py", line 93, in _verify_user_sync
    self._init_user_fields(user)
    ~~~~~~~~~~~~~~~~~~~~~~^^^^^^
  File "D:\Documents\UFAA\code\ufaa_prod_backend\env_ufaa5\Lib\site-packages\django_otp\middleware.py", line 65, in _init_user_fields
    user.otp_device = None
    ^^^^^^^^^^^^^^^
  File "D:\Documents\UFAA\code\ufaa_prod_backend\env_ufaa5\Lib\site-packages\django\utils\functional.py", line 295, in __setattr__
    self._setup()
    ~~~~~~~~~~~^^
  File "D:\Documents\UFAA\code\ufaa_prod_backend\env_ufaa5\Lib\site-packages\django\utils\functional.py", line 404, in _setup
    self._wrapped = self._setupfunc()
                    ~~~~~~~~~~~~~~~^^
  File "D:\Documents\UFAA\code\ufaa_prod_backend\env_ufaa5\Lib\site-packages\django\contrib\auth\middleware.py", line 40, in <lambda>
    request.user = SimpleLazyObject(lambda: get_user(request))
                                            ~~~~~~~~^^^^^^^^^
  File "D:\Documents\UFAA\code\ufaa_prod_backend\env_ufaa5\Lib\site-packages\django\contrib\auth\middleware.py", line 20, in get_user
    request._cached_user = auth.get_user(request)
                           ~~~~~~~~~~~~~^^^^^^^^^
  File "D:\Documents\UFAA\code\ufaa_prod_backend\env_ufaa5\Lib\site-packages\django\contrib\auth\__init__.py", line 328, in get_user
    user = backend.get_user(user_id)
  File "D:\Documents\UFAA\code\ufaa_prod_backend\env_ufaa5\Lib\site-packages\django\contrib\auth\backends.py", line 232, in get_user
    user = UserModel._default_manager.get(pk=user_id)
  File "D:\Documents\UFAA\code\ufaa_prod_backend\env_ufaa5\Lib\site-packages\django\db\models\manager.py", line 87, in manager_method
    return getattr(self.get_queryset(), name)(*args, **kwargs)
           ~~~~~~~~~~~~~~~~~~~~~~~~~~~~~~~~~~^^^^^^^^^^^^^^^^^
  File "D:\Documents\UFAA\code\ufaa_prod_backend\env_ufaa5\Lib\site-packages\django\db\models\query.py", line 635, in get
    num = len(clone)
  File "D:\Documents\UFAA\code\ufaa_prod_backend\env_ufaa5\Lib\site-packages\django\db\models\query.py", line 372, in __len__
    self._fetch_all()
    ~~~~~~~~~~~~~~~^^
  File "D:\Documents\UFAA\code\ufaa_prod_backend\env_ufaa5\Lib\site-packages\django\db\models\query.py", line 2000, in _fetch_all
    self._result_cache = list(self._iterable_class(self))
                         ~~~~^^^^^^^^^^^^^^^^^^^^^^^^^^^^
  File "D:\Documents\UFAA\code\ufaa_prod_backend\env_ufaa5\Lib\site-packages\django\db\models\query.py", line 91, in __iter__
    db = queryset.db
         ^^^^^^^^^^^
  File "D:\Documents\UFAA\code\ufaa_prod_backend\env_ufaa5\Lib\site-packages\django\db\models\query.py", line 1887, in db
    return self._db or router.db_for_read(self.model, **self._hints)
                       ~~~~~~~~~~~~~~~~~~^^^^^^^^^^^^^^^^^^^^^^^^^^^
  File "D:\Documents\UFAA\code\ufaa_prod_backend\env_ufaa5\Lib\site-packages\django\db\utils.py", line 223, in _route_db
    for router in self.routers:
                  ^^^^^^^^^^^^
  File "D:\Documents\UFAA\code\ufaa_prod_backend\env_ufaa5\Lib\site-packages\django\utils\functional.py", line 47, in __get__
    res = instance.__dict__[self.name] = self.func(instance)
                                         ~~~~~~~~~^^^^^^^^^^
  File "D:\Documents\UFAA\code\ufaa_prod_backend\env_ufaa5\Lib\site-packages\django\db\utils.py", line 214, in routers
    router = import_string(r)()
             ~~~~~~~~~~~~~^^^
  File "D:\Documents\UFAA\code\ufaa_prod_backend\env_ufaa5\Lib\site-packages\django\utils\module_loading.py", line 30, in import_string
    return cached_import(module_path, class_name)
  File "D:\Documents\UFAA\code\ufaa_prod_backend\env_ufaa5\Lib\site-packages\django\utils\module_loading.py", line 15, in cached_import
    module = import_module(module_path)
  File "C:\Users\Kiambe\AppData\Local\Programs\Python\Python314\Lib\importlib\__init__.py", line 88, in import_module
    return _bootstrap._gcd_import(name[level:], package, level)
           ~~~~~~~~~~~~~~~~~~~~~~^^^^^^^^^^^^^^^^^^^^^^^^^^^^^^
  File "<frozen importlib._bootstrap>", line 1398, in _gcd_import
  File "<frozen importlib._bootstrap>", line 1371, in _find_and_load
  File "<frozen importlib._bootstrap>", line 1335, in _find_and_load_unlocked
ModuleNotFoundError: No module named 'ufaamobilebackend.routers'
ERROR 2026-05-10 08:35:37,263 log 44608 48432 "GET /ufaa-mobile-api/search/assets/ HTTP/1.1" 500 225910
INFO 2026-05-10 08:41:05,616 autoreload 11528 32476 D:\Documents\UFAA\code\ufaa_prod_backend\ufaamobilebackend\ufaamobilebackend\settings.py changed, reloading.
INFO 2026-05-10 08:41:05,611 autoreload 44608 48940 D:\Documents\UFAA\code\ufaa_prod_backend\ufaamobilebackend\ufaamobilebackend\settings.py changed, reloading.
INFO 2026-05-10 08:41:07,399 autoreload 42212 42760 Watching for file changes with StatReloader
INFO 2026-05-10 08:47:18,727 autoreload 42212 42760 D:\Documents\UFAA\code\ufaa_prod_backend\ufaamobilebackend\ufaamobilebackend\settings.py changed, reloading.
INFO 2026-05-10 08:47:19,063 autoreload 50504 51028 D:\Documents\UFAA\code\ufaa_prod_backend\ufaamobilebackend\ufaamobilebackend\settings.py changed, reloading.
INFO 2026-05-10 08:47:20,502 autoreload 32476 2228 Watching for file changes with StatReloader
INFO 2026-05-10 08:47:20,504 autoreload 26284 40600 Watching for file changes with StatReloader
INFO 2026-05-10 09:07:05,246 autoreload 32476 2228 D:\Documents\UFAA\code\ufaa_prod_backend\ufaamobilebackend\apps\documents\models.py changed, reloading.
INFO 2026-05-10 09:07:05,246 autoreload 26284 40600 D:\Documents\UFAA\code\ufaa_prod_backend\ufaamobilebackend\apps\documents\models.py changed, reloading.
INFO 2026-05-10 09:07:07,012 autoreload 36944 49220 Watching for file changes with StatReloader
INFO 2026-05-10 09:07:07,012 autoreload 47052 42756 Watching for file changes with StatReloader
INFO 2026-05-10 09:07:44,554 autoreload 47052 42756 D:\Documents\UFAA\code\ufaa_prod_backend\ufaamobilebackend\apps\live_operations\models.py changed, reloading.
INFO 2026-05-10 09:07:44,560 autoreload 36944 49220 D:\Documents\UFAA\code\ufaa_prod_backend\ufaamobilebackend\apps\live_operations\models.py changed, reloading.
INFO 2026-05-10 09:07:45,572 autoreload 10472 38436 Watching for file changes with StatReloader
INFO 2026-05-10 09:07:45,583 autoreload 17064 39264 Watching for file changes with StatReloader
INFO 2026-05-10 09:09:48,315 autoreload 17064 39264 D:\Documents\UFAA\code\ufaa_prod_backend\ufaamobilebackend\apps\live_operations\services.py changed, reloading.
INFO 2026-05-10 09:09:48,330 autoreload 10472 38436 D:\Documents\UFAA\code\ufaa_prod_backend\ufaamobilebackend\apps\live_operations\services.py changed, reloading.
INFO 2026-05-10 09:09:49,526 autoreload 42892 38924 Watching for file changes with StatReloader
INFO 2026-05-10 09:09:49,526 autoreload 49196 11760 Watching for file changes with StatReloader
INFO 2026-05-10 11:43:39,840 autoreload 42892 38924 D:\Documents\UFAA\code\ufaa_prod_backend\ufaamobilebackend\ufaamobilebackend\settings.py changed, reloading.
INFO 2026-05-10 11:43:39,841 autoreload 49196 11760 D:\Documents\UFAA\code\ufaa_prod_backend\ufaamobilebackend\ufaamobilebackend\settings.py changed, reloading.
INFO 2026-05-10 11:43:43,595 autoreload 53724 50068 Watching for file changes with StatReloader
INFO 2026-05-10 11:43:43,596 autoreload 16984 20392 Watching for file changes with StatReloader
INFO 2026-05-10 11:44:27,361 autoreload 16984 20392 D:\Documents\UFAA\code\ufaa_prod_backend\ufaamobilebackend\ufaamobilebackend\settings.py changed, reloading.
INFO 2026-05-10 11:44:27,377 autoreload 53724 50068 D:\Documents\UFAA\code\ufaa_prod_backend\ufaamobilebackend\ufaamobilebackend\settings.py changed, reloading.
INFO 2026-05-10 11:44:28,502 autoreload 45344 24808 Watching for file changes with StatReloader
INFO 2026-05-10 11:44:28,503 autoreload 54360 51696 Watching for file changes with StatReloader
INFO 2026-05-10 11:54:55,671 autoreload 45344 24808 D:\Documents\UFAA\code\ufaa_prod_backend\ufaamobilebackend\ufaamobilebackend\settings.py changed, reloading.
INFO 2026-05-10 11:54:55,674 autoreload 54360 51696 D:\Documents\UFAA\code\ufaa_prod_backend\ufaamobilebackend\ufaamobilebackend\settings.py changed, reloading.
INFO 2026-05-10 11:54:57,447 autoreload 604 51376 Watching for file changes with StatReloader
INFO 2026-05-10 11:54:57,448 autoreload 27544 46920 Watching for file changes with StatReloader
INFO 2026-05-10 11:55:13,674 autoreload 27544 46920 D:\Documents\UFAA\code\ufaa_prod_backend\ufaamobilebackend\ufaamobilebackend\settings.py changed, reloading.
INFO 2026-05-10 11:55:13,685 autoreload 604 51376 D:\Documents\UFAA\code\ufaa_prod_backend\ufaamobilebackend\ufaamobilebackend\settings.py changed, reloading.
INFO 2026-05-10 11:55:14,690 autoreload 53392 12116 Watching for file changes with StatReloader
INFO 2026-05-10 11:55:14,696 autoreload 55152 4032 Watching for file changes with StatReloader
INFO 2026-05-10 12:05:32,165 autoreload 55152 4032 D:\Documents\UFAA\code\ufaa_prod_backend\ufaamobilebackend\ufaamobilebackend\settings.py changed, reloading.
INFO 2026-05-10 12:05:32,164 autoreload 53392 12116 D:\Documents\UFAA\code\ufaa_prod_backend\ufaamobilebackend\ufaamobilebackend\settings.py changed, reloading.
INFO 2026-05-10 12:05:33,920 autoreload 9236 39284 Watching for file changes with StatReloader
INFO 2026-05-10 12:05:33,924 autoreload 29996 53884 Watching for file changes with StatReloader
WARNING 2026-05-10 12:12:15,442 log 9236 16592 Not Found: /
WARNING 2026-05-10 12:12:15,448 log 9236 16592 "GET / HTTP/1.1" 404 2327
INFO 2026-05-10 12:12:28,180 log 9236 16592 "GET /admin/ HTTP/1.1" 302 0
INFO 2026-05-10 12:12:28,338 log 9236 16592 "GET /admin/login/?next=/admin/ HTTP/1.1" 200 4084
INFO 2026-05-10 12:12:28,804 log 9236 16592 "GET /static/admin/css/base.css HTTP/1.1" 200 23100
INFO 2026-05-10 12:12:28,811 log 9236 53480 "GET /static/admin/js/theme.js HTTP/1.1" 200 1653
INFO 2026-05-10 12:12:28,816 log 9236 49996 "GET /static/admin/css/login.css HTTP/1.1" 200 951
INFO 2026-05-10 12:12:29,089 log 9236 16664 "GET /static/admin/css/responsive.css HTTP/1.1" 200 16273
INFO 2026-05-10 12:12:29,093 log 9236 43996 "GET /static/admin/css/dark_mode.css HTTP/1.1" 200 3538
INFO 2026-05-10 12:12:29,099 log 9236 43996 "GET /static/admin/js/nav_sidebar.js HTTP/1.1" 200 3063
INFO 2026-05-10 12:12:29,103 log 9236 44776 "GET /static/admin/css/nav_sidebar.css HTTP/1.1" 200 2810
INFO 2026-05-10 12:12:49,622 log 9236 44776 "POST /admin/login/?next=/admin/ HTTP/1.1" 302 0
INFO 2026-05-10 12:12:49,693 log 9236 44776 "GET /admin/ HTTP/1.1" 200 19055
INFO 2026-05-10 12:12:49,798 log 9236 44776 "GET /static/admin/css/dashboard.css HTTP/1.1" 200 441
INFO 2026-05-10 12:12:49,827 log 9236 44776 "GET /static/admin/img/icon-viewlink.svg HTTP/1.1" 200 928
INFO 2026-05-10 12:12:49,827 log 9236 43996 "GET /static/admin/img/icon-changelink.svg HTTP/1.1" 200 978
INFO 2026-05-10 12:12:49,827 log 9236 16664 "GET /static/admin/img/icon-addlink.svg HTTP/1.1" 200 593
WARNING 2026-05-10 12:12:59,381 log 9236 43996 Not Found: /ufaa-mobile-api
WARNING 2026-05-10 12:12:59,384 log 9236 43996 "GET /ufaa-mobile-api HTTP/1.1" 404 2390
WARNING 2026-05-10 12:13:06,808 log 9236 43996 Not Found: /ufaa-mobile-api/
WARNING 2026-05-10 12:13:06,810 log 9236 43996 "GET /ufaa-mobile-api/ HTTP/1.1" 404 3394
INFO 2026-05-10 12:18:40,669 autoreload 9236 39284 D:\Documents\UFAA\code\ufaa_prod_backend\ufaamobilebackend\ufaamobilebackend\settings.py changed, reloading.
INFO 2026-05-10 12:18:40,806 autoreload 29996 53884 D:\Documents\UFAA\code\ufaa_prod_backend\ufaamobilebackend\ufaamobilebackend\settings.py changed, reloading.
INFO 2026-05-10 12:18:42,989 autoreload 6284 31708 Watching for file changes with StatReloader
INFO 2026-05-10 12:18:42,989 autoreload 22852 35716 Watching for file changes with StatReloader
INFO 2026-05-10 12:18:47,989 autoreload 22852 35716 D:\Documents\UFAA\code\ufaa_prod_backend\ufaamobilebackend\ufaamobilebackend\urls.py changed, reloading.
INFO 2026-05-10 12:18:47,991 autoreload 6284 31708 D:\Documents\UFAA\code\ufaa_prod_backend\ufaamobilebackend\ufaamobilebackend\urls.py changed, reloading.
INFO 2026-05-10 12:18:49,094 autoreload 55284 38356 Watching for file changes with StatReloader
INFO 2026-05-10 12:18:49,096 autoreload 45644 41520 Watching for file changes with StatReloader
INFO 2026-05-10 12:22:24,647 autoreload 45644 41520 D:\Documents\UFAA\code\ufaa_prod_backend\ufaamobilebackend\guest_portal\urls.py changed, reloading.
INFO 2026-05-10 12:22:24,648 autoreload 55284 38356 D:\Documents\UFAA\code\ufaa_prod_backend\ufaamobilebackend\guest_portal\urls.py changed, reloading.
INFO 2026-05-10 12:22:26,026 autoreload 9772 43872 Watching for file changes with StatReloader
INFO 2026-05-10 12:22:26,027 autoreload 51020 48848 Watching for file changes with StatReloader
INFO 2026-05-10 12:22:52,330 autoreload 51020 48848 D:\Documents\UFAA\code\ufaa_prod_backend\ufaamobilebackend\guest_portal\admin.py changed, reloading.
INFO 2026-05-10 12:22:52,336 autoreload 9772 43872 D:\Documents\UFAA\code\ufaa_prod_backend\ufaamobilebackend\guest_portal\admin.py changed, reloading.
INFO 2026-05-10 12:22:53,127 autoreload 20384 50652 Watching for file changes with StatReloader
INFO 2026-05-10 12:22:53,144 autoreload 30776 45916 Watching for file changes with StatReloader
INFO 2026-05-10 12:23:43,168 autoreload 30776 45916 D:\Documents\UFAA\code\ufaa_prod_backend\ufaamobilebackend\ufaamobilebackend\settings.py changed, reloading.
INFO 2026-05-10 12:23:43,184 autoreload 20384 50652 D:\Documents\UFAA\code\ufaa_prod_backend\ufaamobilebackend\ufaamobilebackend\settings.py changed, reloading.
INFO 2026-05-10 12:23:44,172 autoreload 45040 54056 Watching for file changes with StatReloader
INFO 2026-05-10 12:23:44,178 autoreload 51044 46272 Watching for file changes with StatReloader
INFO 2026-05-10 12:25:21,034 autoreload 51044 46272 D:\Documents\UFAA\code\ufaa_prod_backend\ufaamobilebackend\ufaamobilebackend\settings.py changed, reloading.
INFO 2026-05-10 12:25:21,045 autoreload 45040 54056 D:\Documents\UFAA\code\ufaa_prod_backend\ufaamobilebackend\ufaamobilebackend\settings.py changed, reloading.
INFO 2026-05-10 12:25:21,999 autoreload 2412 39952 Watching for file changes with StatReloader
INFO 2026-05-10 12:25:22,000 autoreload 41964 43448 Watching for file changes with StatReloader
INFO 2026-05-10 12:26:41,965 autoreload 41964 43448 D:\Documents\UFAA\code\ufaa_prod_backend\ufaamobilebackend\guest_portal\urls.py changed, reloading.
INFO 2026-05-10 12:26:41,965 autoreload 2412 39952 D:\Documents\UFAA\code\ufaa_prod_backend\ufaamobilebackend\guest_portal\urls.py changed, reloading.
INFO 2026-05-10 12:26:42,962 autoreload 13140 42216 Watching for file changes with StatReloader
INFO 2026-05-10 12:26:42,963 autoreload 51276 44632 Watching for file changes with StatReloader
INFO 2026-05-10 12:26:49,562 log 13140 48748 "GET / HTTP/1.1" 302 0
INFO 2026-05-10 12:26:49,683 log 13140 48748 "GET /admin/ HTTP/1.1" 200 19055
INFO 2026-05-10 12:26:52,863 log 13140 48748 "POST /admin/logout/ HTTP/1.1" 302 0
INFO 2026-05-10 12:26:52,875 log 13140 48748 "GET / HTTP/1.1" 200 7183
INFO 2026-05-10 12:27:55,362 log 13140 48748 "GET /admin/ HTTP/1.1" 302 0
INFO 2026-05-10 12:27:55,399 log 13140 48748 "GET /admin/login/?next=/admin/ HTTP/1.1" 200 4084
INFO 2026-05-10 12:50:15,677 autoreload 13140 42216 D:\Documents\UFAA\code\ufaa_prod_backend\ufaamobilebackend\guest_portal\views.py changed, reloading.
INFO 2026-05-10 12:50:18,386 autoreload 29832 33232 Watching for file changes with StatReloader
INFO 2026-05-10 12:50:18,386 autoreload 34936 36392 Watching for file changes with StatReloader
INFO 2026-05-10 12:51:02,751 autoreload 34936 36392 D:\Documents\UFAA\code\ufaa_prod_backend\ufaamobilebackend\guest_portal\urls.py changed, reloading.
INFO 2026-05-10 12:51:02,755 autoreload 29832 33232 D:\Documents\UFAA\code\ufaa_prod_backend\ufaamobilebackend\guest_portal\urls.py changed, reloading.
INFO 2026-05-10 12:51:03,705 autoreload 24532 46248 Watching for file changes with StatReloader
INFO 2026-05-10 12:51:03,709 autoreload 8460 16664 Watching for file changes with StatReloader
INFO 2026-05-10 12:51:06,243 autoreload 24532 46248 D:\Documents\UFAA\code\ufaa_prod_backend\ufaamobilebackend\guest_portal\urls.py changed, reloading.
INFO 2026-05-10 12:51:06,275 autoreload 8460 16664 D:\Documents\UFAA\code\ufaa_prod_backend\ufaamobilebackend\guest_portal\urls.py changed, reloading.
INFO 2026-05-10 12:51:07,306 autoreload 45504 36520 Watching for file changes with StatReloader
INFO 2026-05-10 12:51:07,316 autoreload 33020 42216 Watching for file changes with StatReloader
INFO 2026-05-10 12:53:19,466 autoreload 33020 42216 D:\Documents\UFAA\code\ufaa_prod_backend\ufaamobilebackend\guest_portal\views.py changed, reloading.
INFO 2026-05-10 12:53:19,472 autoreload 45504 36520 D:\Documents\UFAA\code\ufaa_prod_backend\ufaamobilebackend\guest_portal\views.py changed, reloading.
INFO 2026-05-10 12:53:20,895 autoreload 49068 38688 Watching for file changes with StatReloader
INFO 2026-05-10 12:53:20,896 autoreload 16544 28244 Watching for file changes with StatReloader
ERROR 2026-05-10 12:54:02,623 log 16544 42468 Internal Server Error: /
Traceback (most recent call last):
  File "D:\Documents\UFAA\code\ufaa_prod_backend\env_ufaa5\Lib\site-packages\django\core\handlers\exception.py", line 55, in inner
    response = get_response(request)
  File "D:\Documents\UFAA\code\ufaa_prod_backend\env_ufaa5\Lib\site-packages\django\core\handlers\base.py", line 198, in _get_response
    response = wrapped_callback(request, *callback_args, **callback_kwargs)
  File "D:\Documents\UFAA\code\ufaa_prod_backend\ufaamobilebackend\guest_portal\views.py", line 21, in landing_page
    return render(request, 'guest_portal/landing.html', context)
  File "D:\Documents\UFAA\code\ufaa_prod_backend\env_ufaa5\Lib\site-packages\django\shortcuts.py", line 25, in render
    content = loader.render_to_string(template_name, context, request, using=using)
  File "D:\Documents\UFAA\code\ufaa_prod_backend\env_ufaa5\Lib\site-packages\django\template\loader.py", line 61, in render_to_string
    template = get_template(template_name, using=using)
  File "D:\Documents\UFAA\code\ufaa_prod_backend\env_ufaa5\Lib\site-packages\django\template\loader.py", line 19, in get_template
    raise TemplateDoesNotExist(template_name, chain=chain)
django.template.exceptions.TemplateDoesNotExist: guest_portal/landing.html
ERROR 2026-05-10 12:54:02,633 log 16544 42468 "GET / HTTP/1.1" 500 103987
INFO 2026-05-10 12:55:45,691 autoreload 49068 38688 D:\Documents\UFAA\code\ufaa_prod_backend\ufaamobilebackend\guest_portal\urls.py changed, reloading.
INFO 2026-05-10 12:55:45,699 autoreload 16544 28244 D:\Documents\UFAA\code\ufaa_prod_backend\ufaamobilebackend\guest_portal\urls.py changed, reloading.
INFO 2026-05-10 12:55:46,910 autoreload 54592 39252 Watching for file changes with StatReloader
INFO 2026-05-10 12:55:46,921 autoreload 17120 44944 Watching for file changes with StatReloader
INFO 2026-05-10 12:56:36,991 autoreload 17120 44944 D:\Documents\UFAA\code\ufaa_prod_backend\ufaamobilebackend\ufaamobilebackend\settings.py changed, reloading.
INFO 2026-05-10 12:56:36,996 autoreload 54592 39252 D:\Documents\UFAA\code\ufaa_prod_backend\ufaamobilebackend\ufaamobilebackend\settings.py changed, reloading.
INFO 2026-05-10 12:56:38,037 autoreload 54548 54024 Watching for file changes with StatReloader
INFO 2026-05-10 12:56:38,038 autoreload 49364 50892 Watching for file changes with StatReloader
ERROR 2026-05-10 12:56:42,445 log 49364 54492 Internal Server Error: /
Traceback (most recent call last):
  File "D:\Documents\UFAA\code\ufaa_prod_backend\env_ufaa5\Lib\site-packages\django\core\handlers\exception.py", line 55, in inner
    response = get_response(request)
  File "D:\Documents\UFAA\code\ufaa_prod_backend\env_ufaa5\Lib\site-packages\django\core\handlers\base.py", line 198, in _get_response
    response = wrapped_callback(request, *callback_args, **callback_kwargs)
  File "D:\Documents\UFAA\code\ufaa_prod_backend\ufaamobilebackend\guest_portal\views.py", line 21, in landing_page
    return render(request, 'guest_portal/landing.html', context)
  File "D:\Documents\UFAA\code\ufaa_prod_backend\env_ufaa5\Lib\site-packages\django\shortcuts.py", line 25, in render
    content = loader.render_to_string(template_name, context, request, using=using)
  File "D:\Documents\UFAA\code\ufaa_prod_backend\env_ufaa5\Lib\site-packages\django\template\loader.py", line 61, in render_to_string
    template = get_template(template_name, using=using)
  File "D:\Documents\UFAA\code\ufaa_prod_backend\env_ufaa5\Lib\site-packages\django\template\loader.py", line 19, in get_template
    raise TemplateDoesNotExist(template_name, chain=chain)
django.template.exceptions.TemplateDoesNotExist: guest_portal/landing.html
ERROR 2026-05-10 12:56:42,452 log 49364 54492 "GET / HTTP/1.1" 500 104017
ERROR 2026-05-10 12:56:46,833 log 49364 54492 Internal Server Error: /
Traceback (most recent call last):
  File "D:\Documents\UFAA\code\ufaa_prod_backend\env_ufaa5\Lib\site-packages\django\core\handlers\exception.py", line 55, in inner
    response = get_response(request)
  File "D:\Documents\UFAA\code\ufaa_prod_backend\env_ufaa5\Lib\site-packages\django\core\handlers\base.py", line 198, in _get_response
    response = wrapped_callback(request, *callback_args, **callback_kwargs)
  File "D:\Documents\UFAA\code\ufaa_prod_backend\ufaamobilebackend\guest_portal\views.py", line 21, in landing_page
    return render(request, 'guest_portal/landing.html', context)
  File "D:\Documents\UFAA\code\ufaa_prod_backend\env_ufaa5\Lib\site-packages\django\shortcuts.py", line 25, in render
    content = loader.render_to_string(template_name, context, request, using=using)
  File "D:\Documents\UFAA\code\ufaa_prod_backend\env_ufaa5\Lib\site-packages\django\template\loader.py", line 61, in render_to_string
    template = get_template(template_name, using=using)
  File "D:\Documents\UFAA\code\ufaa_prod_backend\env_ufaa5\Lib\site-packages\django\template\loader.py", line 19, in get_template
    raise TemplateDoesNotExist(template_name, chain=chain)
django.template.exceptions.TemplateDoesNotExist: guest_portal/landing.html
ERROR 2026-05-10 12:56:46,837 log 49364 54492 "GET / HTTP/1.1" 500 103880
ERROR 2026-05-10 12:57:37,667 log 49364 54492 Internal Server Error: /
Traceback (most recent call last):
  File "D:\Documents\UFAA\code\ufaa_prod_backend\env_ufaa5\Lib\site-packages\django\template\backends\django.py", line 107, in render
    return self.template.render(context)
           ~~~~~~~~~~~~~~~~~~~~^^^^^^^^^
  File "D:\Documents\UFAA\code\ufaa_prod_backend\env_ufaa5\Lib\site-packages\django\template\base.py", line 174, in render
    return self._render(context)
           ~~~~~~~~~~~~^^^^^^^^^
  File "D:\Documents\UFAA\code\ufaa_prod_backend\env_ufaa5\Lib\site-packages\django\template\base.py", line 166, in _render
    return self.nodelist.render(context)
           ~~~~~~~~~~~~~~~~~~~~^^^^^^^^^
  File "D:\Documents\UFAA\code\ufaa_prod_backend\env_ufaa5\Lib\site-packages\django\template\base.py", line 1091, in render
    return SafeString("".join([node.render_annotated(context) for node in self]))
                               ~~~~~~~~~~~~~~~~~~~~~^^^^^^^^^
  File "D:\Documents\UFAA\code\ufaa_prod_backend\env_ufaa5\Lib\site-packages\django\template\base.py", line 1052, in render_annotated
    return self.render(context)
           ~~~~~~~~~~~^^^^^^^^^
  File "D:\Documents\UFAA\code\ufaa_prod_backend\env_ufaa5\Lib\site-packages\django\template\loader_tags.py", line 160, in render
    return compiled_parent._render(context)
           ~~~~~~~~~~~~~~~~~~~~~~~^^^^^^^^^
  File "D:\Documents\UFAA\code\ufaa_prod_backend\env_ufaa5\Lib\site-packages\django\template\base.py", line 166, in _render
    return self.nodelist.render(context)
           ~~~~~~~~~~~~~~~~~~~~^^^^^^^^^
  File "D:\Documents\UFAA\code\ufaa_prod_backend\env_ufaa5\Lib\site-packages\django\template\base.py", line 1091, in render
    return SafeString("".join([node.render_annotated(context) for node in self]))
                               ~~~~~~~~~~~~~~~~~~~~~^^^^^^^^^
  File "D:\Documents\UFAA\code\ufaa_prod_backend\env_ufaa5\Lib\site-packages\django\template\base.py", line 1052, in render_annotated
    return self.render(context)
           ~~~~~~~~~~~^^^^^^^^^
  File "D:\Documents\UFAA\code\ufaa_prod_backend\env_ufaa5\Lib\site-packages\django\template\loader_tags.py", line 200, in render
    template = context.template.engine.select_template(template_name)
  File "D:\Documents\UFAA\code\ufaa_prod_backend\env_ufaa5\Lib\site-packages\django\template\engine.py", line 234, in select_template
    raise TemplateDoesNotExist(", ".join(not_found))
django.template.exceptions.TemplateDoesNotExist: guest_portal/components/header.html

The above exception was the direct cause of the following exception:

Traceback (most recent call last):
  File "D:\Documents\UFAA\code\ufaa_prod_backend\env_ufaa5\Lib\site-packages\django\core\handlers\exception.py", line 55, in inner
    response = get_response(request)
  File "D:\Documents\UFAA\code\ufaa_prod_backend\env_ufaa5\Lib\site-packages\django\core\handlers\base.py", line 198, in _get_response
    response = wrapped_callback(request, *callback_args, **callback_kwargs)
  File "D:\Documents\UFAA\code\ufaa_prod_backend\ufaamobilebackend\guest_portal\views.py", line 21, in landing_page
    return render(request, 'guest_portal/landing.html', context)
  File "D:\Documents\UFAA\code\ufaa_prod_backend\env_ufaa5\Lib\site-packages\django\shortcuts.py", line 25, in render
    content = loader.render_to_string(template_name, context, request, using=using)
  File "D:\Documents\UFAA\code\ufaa_prod_backend\env_ufaa5\Lib\site-packages\django\template\loader.py", line 62, in render_to_string
    return template.render(context, request)
           ~~~~~~~~~~~~~~~^^^^^^^^^^^^^^^^^^
  File "D:\Documents\UFAA\code\ufaa_prod_backend\env_ufaa5\Lib\site-packages\django\template\backends\django.py", line 109, in render
    reraise(exc, self.backend)
    ~~~~~~~^^^^^^^^^^^^^^^^^^^
  File "D:\Documents\UFAA\code\ufaa_prod_backend\env_ufaa5\Lib\site-packages\django\template\backends\django.py", line 130, in reraise
    raise new from exc
django.template.exceptions.TemplateDoesNotExist: guest_portal/components/header.html
ERROR 2026-05-10 12:57:37,684 log 49364 54492 "GET / HTTP/1.1" 500 158745
INFO 2026-05-10 12:57:53,861 log 49364 54492 "GET / HTTP/1.1" 200 30460
INFO 2026-05-10 13:08:34,307 autoreload 54548 54024 D:\Documents\UFAA\code\ufaa_prod_backend\ufaamobilebackend\guest_portal\views.py changed, reloading.
INFO 2026-05-10 13:08:34,306 autoreload 49364 50892 D:\Documents\UFAA\code\ufaa_prod_backend\ufaamobilebackend\guest_portal\views.py changed, reloading.
INFO 2026-05-10 13:08:36,985 autoreload 18608 33396 Watching for file changes with StatReloader
INFO 2026-05-10 13:08:56,844 autoreload 18608 33396 D:\Documents\UFAA\code\ufaa_prod_backend\ufaamobilebackend\guest_portal\views.py changed, reloading.
INFO 2026-05-10 13:08:56,850 autoreload 15324 46316 D:\Documents\UFAA\code\ufaa_prod_backend\ufaamobilebackend\guest_portal\views.py changed, reloading.
INFO 2026-05-10 13:08:57,919 autoreload 5572 44324 Watching for file changes with StatReloader
INFO 2026-05-10 13:08:57,940 autoreload 1356 33824 Watching for file changes with StatReloader
INFO 2026-05-10 13:09:19,329 log 5572 54356 "GET / HTTP/1.1" 200 42967
INFO 2026-05-10 13:11:22,244 log 5572 54356 "GET /admin/ HTTP/1.1" 302 0
INFO 2026-05-10 13:11:22,356 log 5572 54356 "GET /admin/login/?next=/admin/ HTTP/1.1" 200 4084
INFO 2026-05-10 13:14:48,659 log 5572 54356 "GET / HTTP/1.1" 200 42971
INFO 2026-05-10 13:16:28,328 log 5572 54356 "GET / HTTP/1.1" 200 43169
INFO 2026-05-10 13:18:28,812 log 5572 54356 "GET / HTTP/1.1" 200 40665
INFO 2026-05-10 13:19:05,748 log 5572 54356 "GET / HTTP/1.1" 200 40416
INFO 2026-05-10 13:20:35,357 log 5572 54356 "GET / HTTP/1.1" 200 40429
INFO 2026-05-10 13:21:45,371 log 5572 54356 "GET / HTTP/1.1" 200 40376
INFO 2026-05-10 13:24:26,541 log 5572 54356 "GET / HTTP/1.1" 200 38798
INFO 2026-05-10 13:25:00,616 log 5572 54356 "GET / HTTP/1.1" 200 38562
INFO 2026-05-10 13:26:09,573 log 5572 54356 "GET / HTTP/1.1" 200 32385
INFO 2026-05-10 13:26:20,267 log 5572 54356 "GET /admin/ HTTP/1.1" 302 0
INFO 2026-05-10 13:26:20,439 log 5572 54356 "GET /admin/login/?next=/admin/ HTTP/1.1" 200 4084
INFO 2026-05-10 13:27:40,886 log 5572 54356 "GET / HTTP/1.1" 200 32400
INFO 2026-05-10 13:30:41,106 log 5572 54356 "GET / HTTP/1.1" 200 36956
INFO 2026-05-10 13:31:07,077 log 5572 54356 "GET /admin/ HTTP/1.1" 302 0
INFO 2026-05-10 13:31:07,133 log 5572 54356 "GET /admin/login/?next=/admin/ HTTP/1.1" 200 4084
INFO 2026-05-10 13:31:47,395 log 5572 35172 "GET /admin/ HTTP/1.1" 302 0
INFO 2026-05-10 13:31:47,423 log 5572 35172 "GET /admin/login/?next=/admin/ HTTP/1.1" 200 4084
INFO 2026-05-10 13:33:22,041 autoreload 5572 44324 D:\Documents\UFAA\code\ufaa_prod_backend\ufaamobilebackend\ufaamobilebackend\urls.py changed, reloading.
INFO 2026-05-10 13:33:22,055 autoreload 1356 33824 D:\Documents\UFAA\code\ufaa_prod_backend\ufaamobilebackend\ufaamobilebackend\urls.py changed, reloading.
INFO 2026-05-10 13:33:24,403 autoreload 50768 28568 Watching for file changes with StatReloader
INFO 2026-05-10 13:33:24,406 autoreload 8136 43612 Watching for file changes with StatReloader
INFO 2026-05-10 13:33:35,670 log 50768 53456 "GET /admin/login/?next=/admin/ HTTP/1.1" 200 4096
INFO 2026-05-10 13:36:56,020 autoreload 50768 28568 D:\Documents\UFAA\code\ufaa_prod_backend\ufaamobilebackend\ufaamobilebackend\settings.py changed, reloading.
INFO 2026-05-10 13:36:56,043 autoreload 8136 43612 D:\Documents\UFAA\code\ufaa_prod_backend\ufaamobilebackend\ufaamobilebackend\settings.py changed, reloading.
INFO 2026-05-10 13:36:57,318 autoreload 17184 23008 Watching for file changes with StatReloader
INFO 2026-05-10 13:36:57,318 autoreload 41952 51388 Watching for file changes with StatReloader
INFO 2026-05-10 13:37:45,791 autoreload 41952 51388 D:\Documents\UFAA\code\ufaa_prod_backend\ufaamobilebackend\ufaamobilebackend\settings.py changed, reloading.
INFO 2026-05-10 13:37:45,795 autoreload 17184 23008 D:\Documents\UFAA\code\ufaa_prod_backend\ufaamobilebackend\ufaamobilebackend\settings.py changed, reloading.
INFO 2026-05-10 13:37:46,757 autoreload 50444 39240 Watching for file changes with StatReloader
INFO 2026-05-10 13:37:46,779 autoreload 50652 42256 Watching for file changes with StatReloader
INFO 2026-05-10 13:39:13,533 log 50652 1316 "GET /admin/login/?next=/admin/ HTTP/1.1" 200 16712
INFO 2026-05-10 13:39:13,936 log 50652 1316 "GET /static/admin_interface/css/admin-interface.css?v=fbf73b4c3a05e7b27c0ed71177534234cb431fc7becc666773c1f652 HTTP/1.1" 200 19912
INFO 2026-05-10 13:39:13,938 log 50652 45412 "GET /static/admin_interface/css/changelist.css?v=fbf73b4c3a05e7b27c0ed71177534234cb431fc7becc666773c1f652 HTTP/1.1" 200 1913
INFO 2026-05-10 13:39:13,940 log 50652 33480 "GET /static/admin_interface/css/change-form.css?v=fbf73b4c3a05e7b27c0ed71177534234cb431fc7becc666773c1f652 HTTP/1.1" 200 1204
INFO 2026-05-10 13:39:13,942 log 50652 1316 "GET /static/admin_interface/css/fieldsets.css?v=fbf73b4c3a05e7b27c0ed71177534234cb431fc7becc666773c1f652 HTTP/1.1" 200 499
INFO 2026-05-10 13:39:13,943 log 50652 45412 "GET /static/admin_interface/css/file-upload.css?v=fbf73b4c3a05e7b27c0ed71177534234cb431fc7becc666773c1f652 HTTP/1.1" 200 1169
INFO 2026-05-10 13:39:13,947 log 50652 33480 "GET /static/admin_interface/css/header.css?v=fbf73b4c3a05e7b27c0ed71177534234cb431fc7becc666773c1f652 HTTP/1.1" 200 1101
INFO 2026-05-10 13:39:13,950 log 50652 45412 "GET /static/admin_interface/css/jquery.ui.tabs.css?v=fbf73b4c3a05e7b27c0ed71177534234cb431fc7becc666773c1f652 HTTP/1.1" 200 5481
INFO 2026-05-10 13:39:13,951 log 50652 1316 "GET /static/admin_interface/css/inlines.css?v=fbf73b4c3a05e7b27c0ed71177534234cb431fc7becc666773c1f652 HTTP/1.1" 200 2771
INFO 2026-05-10 13:39:13,956 log 50652 33480 "GET /static/admin_interface/css/language-chooser.css?v=fbf73b4c3a05e7b27c0ed71177534234cb431fc7becc666773c1f652 HTTP/1.1" 200 1734
INFO 2026-05-10 13:39:13,960 log 50652 45412 "GET /static/admin_interface/css/list-filter.css?v=fbf73b4c3a05e7b27c0ed71177534234cb431fc7becc666773c1f652 HTTP/1.1" 200 1054
INFO 2026-05-10 13:39:13,963 log 50652 1316 "GET /static/admin_interface/css/list-filter-dropdown.css?v=fbf73b4c3a05e7b27c0ed71177534234cb431fc7becc666773c1f652 HTTP/1.1" 200 785
INFO 2026-05-10 13:39:13,964 log 50652 33480 "GET /static/admin_interface/css/login.css?v=fbf73b4c3a05e7b27c0ed71177534234cb431fc7becc666773c1f652 HTTP/1.1" 200 1240
INFO 2026-05-10 13:39:13,970 log 50652 45412 "GET /static/admin_interface/css/modules.css?v=fbf73b4c3a05e7b27c0ed71177534234cb431fc7becc666773c1f652 HTTP/1.1" 200 479
INFO 2026-05-10 13:39:13,972 log 50652 1316 "GET /static/admin_interface/css/nav-sidebar.css?v=fbf73b4c3a05e7b27c0ed71177534234cb431fc7becc666773c1f652 HTTP/1.1" 200 2377
INFO 2026-05-10 13:39:13,980 log 50652 33480 "GET /static/admin_interface/css/paginator.css?v=fbf73b4c3a05e7b27c0ed71177534234cb431fc7becc666773c1f652 HTTP/1.1" 200 1022
INFO 2026-05-10 13:39:13,984 log 50652 8064 "GET /static/admin_interface/css/sticky-form-controls.css?v=fbf73b4c3a05e7b27c0ed71177534234cb431fc7becc666773c1f652 HTTP/1.1" 200 2957
INFO 2026-05-10 13:39:13,986 log 50652 45412 "GET /static/admin_interface/css/object-tools.css?v=fbf73b4c3a05e7b27c0ed71177534234cb431fc7becc666773c1f652 HTTP/1.1" 200 910
INFO 2026-05-10 13:39:13,988 log 50652 6860 "GET /static/admin_interface/css/rtl.css?v=fbf73b4c3a05e7b27c0ed71177534234cb431fc7becc666773c1f652 HTTP/1.1" 200 1227
INFO 2026-05-10 13:39:13,990 log 50652 1316 "GET /static/admin_interface/css/widgets.css?v=fbf73b4c3a05e7b27c0ed71177534234cb431fc7becc666773c1f652 HTTP/1.1" 200 5907
INFO 2026-05-10 13:39:13,991 log 50652 38208 "GET /static/admin_interface/css/tabbed-changeform.css?v=fbf73b4c3a05e7b27c0ed71177534234cb431fc7becc666773c1f652 HTTP/1.1" 200 2013
INFO 2026-05-10 13:39:13,991 log 50652 33480 "GET /static/admin_interface/css/third-party/ckeditor.css?v=fbf73b4c3a05e7b27c0ed71177534234cb431fc7becc666773c1f652 HTTP/1.1" 200 2720
INFO 2026-05-10 13:39:13,999 log 50652 45412 "GET /static/admin_interface/css/third-party/json-widget.css?v=fbf73b4c3a05e7b27c0ed71177534234cb431fc7becc666773c1f652 HTTP/1.1" 200 993
INFO 2026-05-10 13:39:14,000 log 50652 8064 "GET /static/admin_interface/css/third-party/import-export.css?v=fbf73b4c3a05e7b27c0ed71177534234cb431fc7becc666773c1f652 HTTP/1.1" 200 189
INFO 2026-05-10 13:39:14,004 log 50652 6860 "GET /static/admin_interface/css/third-party/rangefilter.css?v=fbf73b4c3a05e7b27c0ed71177534234cb431fc7becc666773c1f652 HTTP/1.1" 200 1238
INFO 2026-05-10 13:39:14,005 log 50652 1316 "GET /static/admin_interface/css/third-party/modeltranslation.css?v=fbf73b4c3a05e7b27c0ed71177534234cb431fc7becc666773c1f652 HTTP/1.1" 200 356
INFO 2026-05-10 13:39:14,004 log 50652 38208 "GET /static/admin_interface/css/third-party/sorl-thumbnail.css?v=fbf73b4c3a05e7b27c0ed71177534234cb431fc7becc666773c1f652 HTTP/1.1" 200 1451
INFO 2026-05-10 13:39:14,006 log 50652 33480 "GET /static/admin_interface/css/third-party/streamfield.css?v=fbf73b4c3a05e7b27c0ed71177534234cb431fc7becc666773c1f652 HTTP/1.1" 200 6407
INFO 2026-05-10 13:39:14,013 log 50652 8064 "GET /static/admin_interface/css/third-party/tinymce.css?v=fbf73b4c3a05e7b27c0ed71177534234cb431fc7becc666773c1f652 HTTP/1.1" 200 78
INFO 2026-05-10 13:39:14,014 log 50652 45412 "GET /static/admin/css/responsive.css?v=fbf73b4c3a05e7b27c0ed71177534234cb431fc7becc666773c1f652 HTTP/1.1" 200 16273
INFO 2026-05-10 13:39:14,018 log 50652 1316 "GET /static/admin_interface/foldable-apps/foldable-apps.css?v=fbf73b4c3a05e7b27c0ed71177534234cb431fc7becc666773c1f652 HTTP/1.1" 200 1955
INFO 2026-05-10 13:39:14,019 log 50652 33480 "GET /static/admin_interface/related-modal/related-modal.css?v=fbf73b4c3a05e7b27c0ed71177534234cb431fc7becc666773c1f652 HTTP/1.1" 200 2888
INFO 2026-05-10 13:39:14,020 log 50652 38208 "GET /static/admin_interface/magnific-popup/magnific-popup.css?v=fbf73b4c3a05e7b27c0ed71177534234cb431fc7becc666773c1f652 HTTP/1.1" 200 6951
INFO 2026-05-10 13:39:14,022 log 50652 6860 "GET /static/admin/css/responsive_rtl.css?v=fbf73b4c3a05e7b27c0ed71177534234cb431fc7becc666773c1f652 HTTP/1.1" 200 2157
INFO 2026-05-10 13:39:14,025 log 50652 8064 "GET /static/admin_interface/foldable-apps/foldable-apps.js?v=fbf73b4c3a05e7b27c0ed71177534234cb431fc7becc666773c1f652 HTTP/1.1" 200 1750
INFO 2026-05-10 13:39:14,027 log 50652 1316 "GET /static/admin_interface/related-modal/related-modal.js?v=fbf73b4c3a05e7b27c0ed71177534234cb431fc7becc666773c1f652 HTTP/1.1" 200 7195
INFO 2026-05-10 13:39:14,031 log 50652 45412 "GET /static/admin_interface/magnific-popup/jquery.magnific-popup.js?v=fbf73b4c3a05e7b27c0ed71177534234cb431fc7becc666773c1f652 HTTP/1.1" 200 60830
INFO 2026-05-10 13:39:33,974 log 50652 45412 "POST /admin/login/?next=/admin/ HTTP/1.1" 302 0
INFO 2026-05-10 13:39:34,082 log 50652 45412 "GET /admin/ HTTP/1.1" 200 33550
INFO 2026-05-10 13:39:34,147 log 50652 8064 "GET /static/admin_interface/css/change-form.css?v=fbf73b4c3a05e7b27c0ed71177534234cb431fc7becc666773c1f652 HTTP/1.1" 304 0
INFO 2026-05-10 13:39:34,149 log 50652 6860 "GET /static/admin_interface/css/fieldsets.css?v=fbf73b4c3a05e7b27c0ed71177534234cb431fc7becc666773c1f652 HTTP/1.1" 304 0
INFO 2026-05-10 13:39:34,150 log 50652 1316 "GET /static/admin_interface/css/changelist.css?v=fbf73b4c3a05e7b27c0ed71177534234cb431fc7becc666773c1f652 HTTP/1.1" 304 0
INFO 2026-05-10 13:39:34,150 log 50652 45412 "GET /static/admin_interface/css/admin-interface.css?v=fbf73b4c3a05e7b27c0ed71177534234cb431fc7becc666773c1f652 HTTP/1.1" 304 0
INFO 2026-05-10 13:39:34,151 log 50652 38208 "GET /static/admin_interface/css/file-upload.css?v=fbf73b4c3a05e7b27c0ed71177534234cb431fc7becc666773c1f652 HTTP/1.1" 304 0
INFO 2026-05-10 13:39:34,151 log 50652 33480 "GET /static/admin_interface/css/header.css?v=fbf73b4c3a05e7b27c0ed71177534234cb431fc7becc666773c1f652 HTTP/1.1" 304 0
INFO 2026-05-10 13:39:34,157 log 50652 8064 "GET /static/admin_interface/css/inlines.css?v=fbf73b4c3a05e7b27c0ed71177534234cb431fc7becc666773c1f652 HTTP/1.1" 304 0
INFO 2026-05-10 13:39:34,163 log 50652 38208 "GET /static/admin_interface/css/login.css?v=fbf73b4c3a05e7b27c0ed71177534234cb431fc7becc666773c1f652 HTTP/1.1" 304 0
INFO 2026-05-10 13:39:34,164 log 50652 6860 "GET /static/admin_interface/css/language-chooser.css?v=fbf73b4c3a05e7b27c0ed71177534234cb431fc7becc666773c1f652 HTTP/1.1" 304 0
INFO 2026-05-10 13:39:34,165 log 50652 45412 "GET /static/admin_interface/css/jquery.ui.tabs.css?v=fbf73b4c3a05e7b27c0ed71177534234cb431fc7becc666773c1f652 HTTP/1.1" 304 0
INFO 2026-05-10 13:39:34,167 log 50652 8064 "GET /static/admin_interface/css/modules.css?v=fbf73b4c3a05e7b27c0ed71177534234cb431fc7becc666773c1f652 HTTP/1.1" 304 0
INFO 2026-05-10 13:39:34,168 log 50652 1316 "GET /static/admin_interface/css/list-filter.css?v=fbf73b4c3a05e7b27c0ed71177534234cb431fc7becc666773c1f652 HTTP/1.1" 304 0
INFO 2026-05-10 13:39:34,169 log 50652 33480 "GET /static/admin_interface/css/list-filter-dropdown.css?v=fbf73b4c3a05e7b27c0ed71177534234cb431fc7becc666773c1f652 HTTP/1.1" 304 0
INFO 2026-05-10 13:39:34,170 log 50652 38208 "GET /static/admin_interface/css/nav-sidebar.css?v=fbf73b4c3a05e7b27c0ed71177534234cb431fc7becc666773c1f652 HTTP/1.1" 304 0
INFO 2026-05-10 13:39:34,176 log 50652 1316 "GET /static/admin_interface/css/rtl.css?v=fbf73b4c3a05e7b27c0ed71177534234cb431fc7becc666773c1f652 HTTP/1.1" 304 0
INFO 2026-05-10 13:39:34,177 log 50652 6860 "GET /static/admin_interface/css/paginator.css?v=fbf73b4c3a05e7b27c0ed71177534234cb431fc7becc666773c1f652 HTTP/1.1" 304 0
INFO 2026-05-10 13:39:34,178 log 50652 33480 "GET /static/admin_interface/css/tabbed-changeform.css?v=fbf73b4c3a05e7b27c0ed71177534234cb431fc7becc666773c1f652 HTTP/1.1" 304 0
INFO 2026-05-10 13:39:34,180 log 50652 8064 "GET /static/admin_interface/css/sticky-form-controls.css?v=fbf73b4c3a05e7b27c0ed71177534234cb431fc7becc666773c1f652 HTTP/1.1" 304 0
INFO 2026-05-10 13:39:34,180 log 50652 45412 "GET /static/admin_interface/css/object-tools.css?v=fbf73b4c3a05e7b27c0ed71177534234cb431fc7becc666773c1f652 HTTP/1.1" 304 0
INFO 2026-05-10 13:39:34,181 log 50652 38208 "GET /static/admin_interface/css/widgets.css?v=fbf73b4c3a05e7b27c0ed71177534234cb431fc7becc666773c1f652 HTTP/1.1" 304 0
INFO 2026-05-10 13:39:34,185 log 50652 1316 "GET /static/admin_interface/css/third-party/ckeditor.css?v=fbf73b4c3a05e7b27c0ed71177534234cb431fc7becc666773c1f652 HTTP/1.1" 304 0
INFO 2026-05-10 13:39:34,190 log 50652 38208 "GET /static/admin_interface/css/third-party/sorl-thumbnail.css?v=fbf73b4c3a05e7b27c0ed71177534234cb431fc7becc666773c1f652 HTTP/1.1" 304 0
INFO 2026-05-10 13:39:34,190 log 50652 8064 "GET /static/admin_interface/css/third-party/modeltranslation.css?v=fbf73b4c3a05e7b27c0ed71177534234cb431fc7becc666773c1f652 HTTP/1.1" 304 0
INFO 2026-05-10 13:39:34,190 log 50652 33480 "GET /static/admin_interface/css/third-party/json-widget.css?v=fbf73b4c3a05e7b27c0ed71177534234cb431fc7becc666773c1f652 HTTP/1.1" 304 0
INFO 2026-05-10 13:39:34,190 log 50652 1316 "GET /static/admin_interface/css/third-party/streamfield.css?v=fbf73b4c3a05e7b27c0ed71177534234cb431fc7becc666773c1f652 HTTP/1.1" 304 0
INFO 2026-05-10 13:39:34,190 log 50652 6860 "GET /static/admin_interface/css/third-party/import-export.css?v=fbf73b4c3a05e7b27c0ed71177534234cb431fc7becc666773c1f652 HTTP/1.1" 304 0
INFO 2026-05-10 13:39:34,191 log 50652 45412 "GET /static/admin_interface/css/third-party/rangefilter.css?v=fbf73b4c3a05e7b27c0ed71177534234cb431fc7becc666773c1f652 HTTP/1.1" 304 0
INFO 2026-05-10 13:39:34,195 log 50652 38208 "GET /static/admin_interface/css/third-party/tinymce.css?v=fbf73b4c3a05e7b27c0ed71177534234cb431fc7becc666773c1f652 HTTP/1.1" 304 0
INFO 2026-05-10 13:39:34,198 log 50652 8064 "GET /static/admin_interface/foldable-apps/foldable-apps.css?v=fbf73b4c3a05e7b27c0ed71177534234cb431fc7becc666773c1f652 HTTP/1.1" 304 0
INFO 2026-05-10 13:39:34,198 log 50652 33480 "GET /static/admin_interface/magnific-popup/magnific-popup.css?v=fbf73b4c3a05e7b27c0ed71177534234cb431fc7becc666773c1f652 HTTP/1.1" 304 0
INFO 2026-05-10 13:39:34,200 log 50652 6860 "GET /static/admin_interface/foldable-apps/foldable-apps.js?v=fbf73b4c3a05e7b27c0ed71177534234cb431fc7becc666773c1f652 HTTP/1.1" 304 0
INFO 2026-05-10 13:39:34,199 log 50652 1316 "GET /static/admin_interface/related-modal/related-modal.css?v=fbf73b4c3a05e7b27c0ed71177534234cb431fc7becc666773c1f652 HTTP/1.1" 304 0
INFO 2026-05-10 13:39:34,201 log 50652 45412 "GET /static/admin_interface/magnific-popup/jquery.magnific-popup.js?v=fbf73b4c3a05e7b27c0ed71177534234cb431fc7becc666773c1f652 HTTP/1.1" 304 0
INFO 2026-05-10 13:39:34,201 log 50652 38208 "GET /static/admin_interface/related-modal/related-modal.js?v=fbf73b4c3a05e7b27c0ed71177534234cb431fc7becc666773c1f652 HTTP/1.1" 304 0
INFO 2026-05-10 13:39:40,306 log 50652 38208 "GET /admin/accounts/loginattempt/ HTTP/1.1" 200 34238
INFO 2026-05-10 13:39:40,430 log 50652 33480 "GET /static/admin/js/admin/RelatedObjectLookups.js HTTP/1.1" 200 9777
INFO 2026-05-10 13:39:40,430 log 50652 1316 "GET /static/admin/js/core.js HTTP/1.1" 200 6208
INFO 2026-05-10 13:39:40,431 log 50652 38208 "GET /static/admin/css/changelists.css HTTP/1.1" 200 7498
INFO 2026-05-10 13:39:40,430 log 50652 8064 "GET /static/admin/js/jquery.init.js HTTP/1.1" 200 347
INFO 2026-05-10 13:39:40,441 log 50652 45412 "GET /admin/jsi18n/ HTTP/1.1" 200 3342
INFO 2026-05-10 13:39:40,442 log 50652 33480 "GET /static/admin_interface/dropdown-filter/dropdown-filter.js?v=fbf73b4c3a05e7b27c0ed71177534234cb431fc7becc666773c1f652 HTTP/1.1" 200 401
INFO 2026-05-10 13:39:40,442 log 50652 38208 "GET /static/admin/js/actions.js HTTP/1.1" 200 8076
INFO 2026-05-10 13:39:40,444 log 50652 8064 "GET /static/admin/js/urlify.js HTTP/1.1" 200 7887
INFO 2026-05-10 13:39:40,446 log 50652 1316 "GET /static/admin/js/prepopulate.js HTTP/1.1" 200 1531
INFO 2026-05-10 13:39:40,452 log 50652 6860 "GET /static/admin/js/vendor/jquery/jquery.js HTTP/1.1" 200 285314
INFO 2026-05-10 13:39:40,461 log 50652 45412 "GET /static/admin/js/vendor/xregexp/xregexp.js HTTP/1.1" 200 325171
INFO 2026-05-10 13:39:40,461 log 50652 1316 "GET /static/admin/img/search.svg HTTP/1.1" 200 607
INFO 2026-05-10 13:39:40,474 log 50652 1316 "GET /static/admin/js/filters.js HTTP/1.1" 200 978
INFO 2026-05-10 13:39:48,633 log 50652 1316 "GET /admin/ HTTP/1.1" 200 33550
INFO 2026-05-10 13:39:52,503 log 50652 1316 "GET /admin/login/?next=/admin/ HTTP/1.1" 302 0
INFO 2026-05-10 13:39:52,578 log 50652 1316 "GET /admin/ HTTP/1.1" 200 33550
ERROR 2026-05-10 13:39:54,577 log 50652 1316 Internal Server Error: /admin/logout/
Traceback (most recent call last):
  File "D:\Documents\UFAA\code\ufaa_prod_backend\env_ufaa5\Lib\site-packages\django\urls\base.py", line 81, in reverse
    extra, resolver = resolver.namespace_dict[ns]
                      ~~~~~~~~~~~~~~~~~~~~~~~^^^^
KeyError: 'guest_portal'

During handling of the above exception, another exception occurred:

Traceback (most recent call last):
  File "D:\Documents\UFAA\code\ufaa_prod_backend\env_ufaa5\Lib\site-packages\django\core\handlers\exception.py", line 55, in inner
    response = get_response(request)
  File "D:\Documents\UFAA\code\ufaa_prod_backend\env_ufaa5\Lib\site-packages\django\core\handlers\base.py", line 198, in _get_response
    response = wrapped_callback(request, *callback_args, **callback_kwargs)
  File "D:\Documents\UFAA\code\ufaa_prod_backend\env_ufaa5\Lib\site-packages\django\contrib\admin\sites.py", line 266, in wrapper
    return self.admin_view(view, cacheable)(*args, **kwargs)
           ~~~~~~~~~~~~~~~~~~~~~~~~~~~~~~~~^^^^^^^^^^^^^^^^^
  File "D:\Documents\UFAA\code\ufaa_prod_backend\env_ufaa5\Lib\site-packages\django\utils\decorators.py", line 192, in _view_wrapper
    result = _process_exception(request, e)
  File "D:\Documents\UFAA\code\ufaa_prod_backend\env_ufaa5\Lib\site-packages\django\utils\decorators.py", line 190, in _view_wrapper
    response = view_func(request, *args, **kwargs)
  File "D:\Documents\UFAA\code\ufaa_prod_backend\env_ufaa5\Lib\site-packages\django\views\decorators\cache.py", line 80, in _view_wrapper
    response = view_func(request, *args, **kwargs)
  File "D:\Documents\UFAA\code\ufaa_prod_backend\env_ufaa5\Lib\site-packages\django\contrib\admin\sites.py", line 247, in inner
    return view(request, *args, **kwargs)
  File "D:\Documents\UFAA\code\ufaa_prod_backend\env_ufaa5\Lib\site-packages\django\contrib\admin\sites.py", line 411, in logout
    return LogoutView.as_view(**defaults)(request)
           ~~~~~~~~~~~~~~~~~~~~~~~~~~~~~~^^^^^^^^^
  File "D:\Documents\UFAA\code\ufaa_prod_backend\env_ufaa5\Lib\site-packages\django\views\generic\base.py", line 106, in view
    return self.dispatch(request, *args, **kwargs)
           ~~~~~~~~~~~~~^^^^^^^^^^^^^^^^^^^^^^^^^^
  File "D:\Documents\UFAA\code\ufaa_prod_backend\env_ufaa5\Lib\site-packages\django\utils\decorators.py", line 48, in _wrapper
    return bound_method(*args, **kwargs)
  File "D:\Documents\UFAA\code\ufaa_prod_backend\env_ufaa5\Lib\site-packages\django\utils\decorators.py", line 192, in _view_wrapper
    result = _process_exception(request, e)
  File "D:\Documents\UFAA\code\ufaa_prod_backend\env_ufaa5\Lib\site-packages\django\utils\decorators.py", line 190, in _view_wrapper
    response = view_func(request, *args, **kwargs)
  File "D:\Documents\UFAA\code\ufaa_prod_backend\env_ufaa5\Lib\site-packages\django\views\decorators\cache.py", line 80, in _view_wrapper
    response = view_func(request, *args, **kwargs)
  File "D:\Documents\UFAA\code\ufaa_prod_backend\env_ufaa5\Lib\site-packages\django\views\generic\base.py", line 145, in dispatch
    return handler(request, *args, **kwargs)
  File "D:\Documents\UFAA\code\ufaa_prod_backend\env_ufaa5\Lib\site-packages\django\contrib\auth\views.py", line 138, in post
    redirect_to = self.get_success_url()
  File "D:\Documents\UFAA\code\ufaa_prod_backend\env_ufaa5\Lib\site-packages\django\contrib\auth\views.py", line 41, in get_success_url
    return self.get_redirect_url() or self.get_default_redirect_url()
                                      ~~~~~~~~~~~~~~~~~~~~~~~~~~~~~^^
  File "D:\Documents\UFAA\code\ufaa_prod_backend\env_ufaa5\Lib\site-packages\django\contrib\auth\views.py", line 149, in get_default_redirect_url
    return resolve_url(settings.LOGOUT_REDIRECT_URL)
  File "D:\Documents\UFAA\code\ufaa_prod_backend\env_ufaa5\Lib\site-packages\django\shortcuts.py", line 184, in resolve_url
    return reverse(to, args=args, kwargs=kwargs)
  File "D:\Documents\UFAA\code\ufaa_prod_backend\env_ufaa5\Lib\site-packages\django\urls\base.py", line 92, in reverse
    raise NoReverseMatch("%s is not a registered namespace" % key)
django.urls.exceptions.NoReverseMatch: 'guest_portal' is not a registered namespace
ERROR 2026-05-10 13:39:54,593 log 50652 1316 "POST /admin/logout/ HTTP/1.1" 500 181160
INFO 2026-05-10 13:40:16,920 autoreload 50444 39240 D:\Documents\UFAA\code\ufaa_prod_backend\ufaamobilebackend\ufaamobilebackend\settings.py changed, reloading.
INFO 2026-05-10 13:40:17,020 autoreload 50652 42256 D:\Documents\UFAA\code\ufaa_prod_backend\ufaamobilebackend\ufaamobilebackend\settings.py changed, reloading.
INFO 2026-05-10 13:40:18,332 autoreload 11584 30108 Watching for file changes with StatReloader
INFO 2026-05-10 13:40:18,332 autoreload 32564 45976 Watching for file changes with StatReloader
INFO 2026-05-10 13:40:26,108 log 11584 53456 "POST /admin/logout/ HTTP/1.1" 302 0
INFO 2026-05-10 13:40:26,117 log 11584 53456 "GET /admin/ HTTP/1.1" 302 0
INFO 2026-05-10 13:40:26,273 log 11584 53456 "GET /admin/login/?next=/admin/ HTTP/1.1" 200 16712
INFO 2026-05-10 13:40:26,364 log 11584 41144 "GET /static/admin_interface/css/change-form.css?v=fbf73b4c3a05e7b27c0ed71177534234cb431fc7becc666773c1f652 HTTP/1.1" 304 0
INFO 2026-05-10 13:40:26,364 log 11584 46252 "GET /static/admin_interface/css/changelist.css?v=fbf73b4c3a05e7b27c0ed71177534234cb431fc7becc666773c1f652 HTTP/1.1" 304 0
INFO 2026-05-10 13:40:26,366 log 11584 53456 "GET /static/admin_interface/css/admin-interface.css?v=fbf73b4c3a05e7b27c0ed71177534234cb431fc7becc666773c1f652 HTTP/1.1" 304 0
INFO 2026-05-10 13:40:26,369 log 11584 41144 "GET /static/admin_interface/css/fieldsets.css?v=fbf73b4c3a05e7b27c0ed71177534234cb431fc7becc666773c1f652 HTTP/1.1" 304 0
INFO 2026-05-10 13:40:26,372 log 11584 46252 "GET /static/admin_interface/css/file-upload.css?v=fbf73b4c3a05e7b27c0ed71177534234cb431fc7becc666773c1f652 HTTP/1.1" 304 0
INFO 2026-05-10 13:40:26,372 log 11584 53456 "GET /static/admin_interface/css/header.css?v=fbf73b4c3a05e7b27c0ed71177534234cb431fc7becc666773c1f652 HTTP/1.1" 304 0
INFO 2026-05-10 13:40:26,373 log 11584 41144 "GET /static/admin_interface/css/inlines.css?v=fbf73b4c3a05e7b27c0ed71177534234cb431fc7becc666773c1f652 HTTP/1.1" 304 0
INFO 2026-05-10 13:40:26,377 log 11584 53456 "GET /static/admin_interface/css/language-chooser.css?v=fbf73b4c3a05e7b27c0ed71177534234cb431fc7becc666773c1f652 HTTP/1.1" 304 0
INFO 2026-05-10 13:40:26,378 log 11584 46252 "GET /static/admin_interface/css/jquery.ui.tabs.css?v=fbf73b4c3a05e7b27c0ed71177534234cb431fc7becc666773c1f652 HTTP/1.1" 304 0
INFO 2026-05-10 13:40:26,378 log 11584 41144 "GET /static/admin_interface/css/list-filter.css?v=fbf73b4c3a05e7b27c0ed71177534234cb431fc7becc666773c1f652 HTTP/1.1" 304 0
INFO 2026-05-10 13:40:26,383 log 11584 53456 "GET /static/admin_interface/css/list-filter-dropdown.css?v=fbf73b4c3a05e7b27c0ed71177534234cb431fc7becc666773c1f652 HTTP/1.1" 304 0
INFO 2026-05-10 13:40:26,384 log 11584 41144 "GET /static/admin_interface/css/modules.css?v=fbf73b4c3a05e7b27c0ed71177534234cb431fc7becc666773c1f652 HTTP/1.1" 304 0
INFO 2026-05-10 13:40:26,384 log 11584 46252 "GET /static/admin_interface/css/login.css?v=fbf73b4c3a05e7b27c0ed71177534234cb431fc7becc666773c1f652 HTTP/1.1" 304 0
INFO 2026-05-10 13:40:26,389 log 11584 53456 "GET /static/admin_interface/css/nav-sidebar.css?v=fbf73b4c3a05e7b27c0ed71177534234cb431fc7becc666773c1f652 HTTP/1.1" 304 0
INFO 2026-05-10 13:40:26,392 log 11584 46252 "GET /static/admin_interface/css/paginator.css?v=fbf73b4c3a05e7b27c0ed71177534234cb431fc7becc666773c1f652 HTTP/1.1" 304 0
INFO 2026-05-10 13:40:26,393 log 11584 53456 "GET /static/admin_interface/css/rtl.css?v=fbf73b4c3a05e7b27c0ed71177534234cb431fc7becc666773c1f652 HTTP/1.1" 304 0
INFO 2026-05-10 13:40:26,393 log 11584 41144 "GET /static/admin_interface/css/object-tools.css?v=fbf73b4c3a05e7b27c0ed71177534234cb431fc7becc666773c1f652 HTTP/1.1" 304 0
INFO 2026-05-10 13:40:26,397 log 11584 46252 "GET /static/admin_interface/css/tabbed-changeform.css?v=fbf73b4c3a05e7b27c0ed71177534234cb431fc7becc666773c1f652 HTTP/1.1" 304 0
INFO 2026-05-10 13:40:26,399 log 11584 53456 "GET /static/admin_interface/css/widgets.css?v=fbf73b4c3a05e7b27c0ed71177534234cb431fc7becc666773c1f652 HTTP/1.1" 304 0
INFO 2026-05-10 13:40:26,399 log 11584 41144 "GET /static/admin_interface/css/sticky-form-controls.css?v=fbf73b4c3a05e7b27c0ed71177534234cb431fc7becc666773c1f652 HTTP/1.1" 304 0
INFO 2026-05-10 13:40:26,402 log 11584 46252 "GET /static/admin_interface/css/third-party/ckeditor.css?v=fbf73b4c3a05e7b27c0ed71177534234cb431fc7becc666773c1f652 HTTP/1.1" 304 0
INFO 2026-05-10 13:40:26,405 log 11584 53456 "GET /static/admin_interface/css/third-party/import-export.css?v=fbf73b4c3a05e7b27c0ed71177534234cb431fc7becc666773c1f652 HTTP/1.1" 304 0
INFO 2026-05-10 13:40:26,405 log 11584 41144 "GET /static/admin_interface/css/third-party/json-widget.css?v=fbf73b4c3a05e7b27c0ed71177534234cb431fc7becc666773c1f652 HTTP/1.1" 304 0
INFO 2026-05-10 13:40:26,407 log 11584 46252 "GET /static/admin_interface/css/third-party/modeltranslation.css?v=fbf73b4c3a05e7b27c0ed71177534234cb431fc7becc666773c1f652 HTTP/1.1" 304 0
INFO 2026-05-10 13:40:26,410 log 11584 41144 "GET /static/admin_interface/css/third-party/rangefilter.css?v=fbf73b4c3a05e7b27c0ed71177534234cb431fc7becc666773c1f652 HTTP/1.1" 304 0
INFO 2026-05-10 13:40:26,410 log 11584 53456 "GET /static/admin_interface/css/third-party/sorl-thumbnail.css?v=fbf73b4c3a05e7b27c0ed71177534234cb431fc7becc666773c1f652 HTTP/1.1" 304 0
INFO 2026-05-10 13:40:26,412 log 11584 46252 "GET /static/admin_interface/css/third-party/streamfield.css?v=fbf73b4c3a05e7b27c0ed71177534234cb431fc7becc666773c1f652 HTTP/1.1" 304 0
INFO 2026-05-10 13:40:26,414 log 11584 41144 "GET /static/admin_interface/css/third-party/tinymce.css?v=fbf73b4c3a05e7b27c0ed71177534234cb431fc7becc666773c1f652 HTTP/1.1" 304 0
INFO 2026-05-10 13:40:26,414 log 11584 53456 "GET /static/admin_interface/foldable-apps/foldable-apps.css?v=fbf73b4c3a05e7b27c0ed71177534234cb431fc7becc666773c1f652 HTTP/1.1" 304 0
INFO 2026-05-10 13:40:26,415 log 11584 46252 "GET /static/admin_interface/magnific-popup/magnific-popup.css?v=fbf73b4c3a05e7b27c0ed71177534234cb431fc7becc666773c1f652 HTTP/1.1" 304 0
INFO 2026-05-10 13:40:26,418 log 11584 41144 "GET /static/admin_interface/related-modal/related-modal.css?v=fbf73b4c3a05e7b27c0ed71177534234cb431fc7becc666773c1f652 HTTP/1.1" 304 0
INFO 2026-05-10 13:40:26,418 log 11584 53456 "GET /static/admin_interface/foldable-apps/foldable-apps.js?v=fbf73b4c3a05e7b27c0ed71177534234cb431fc7becc666773c1f652 HTTP/1.1" 304 0
INFO 2026-05-10 13:40:26,418 log 11584 46252 "GET /static/admin_interface/magnific-popup/jquery.magnific-popup.js?v=fbf73b4c3a05e7b27c0ed71177534234cb431fc7becc666773c1f652 HTTP/1.1" 304 0
INFO 2026-05-10 13:40:26,420 log 11584 41144 "GET /static/admin_interface/related-modal/related-modal.js?v=fbf73b4c3a05e7b27c0ed71177534234cb431fc7becc666773c1f652 HTTP/1.1" 304 0
INFO 2026-05-10 13:40:41,945 log 11584 41144 "POST /admin/login/?next=/admin/ HTTP/1.1" 302 0
INFO 2026-05-10 13:40:42,059 log 11584 41144 "GET /admin/ HTTP/1.1" 200 33550
ERROR 2026-05-10 13:40:43,918 log 11584 41144 Internal Server Error: /admin/logout/
Traceback (most recent call last):
  File "D:\Documents\UFAA\code\ufaa_prod_backend\env_ufaa5\Lib\site-packages\django\urls\base.py", line 81, in reverse
    extra, resolver = resolver.namespace_dict[ns]
                      ~~~~~~~~~~~~~~~~~~~~~~~^^^^
KeyError: 'guest_portal'

During handling of the above exception, another exception occurred:

Traceback (most recent call last):
  File "D:\Documents\UFAA\code\ufaa_prod_backend\env_ufaa5\Lib\site-packages\django\core\handlers\exception.py", line 55, in inner
    response = get_response(request)
  File "D:\Documents\UFAA\code\ufaa_prod_backend\env_ufaa5\Lib\site-packages\django\core\handlers\base.py", line 198, in _get_response
    response = wrapped_callback(request, *callback_args, **callback_kwargs)
  File "D:\Documents\UFAA\code\ufaa_prod_backend\env_ufaa5\Lib\site-packages\django\contrib\admin\sites.py", line 266, in wrapper
    return self.admin_view(view, cacheable)(*args, **kwargs)
           ~~~~~~~~~~~~~~~~~~~~~~~~~~~~~~~~^^^^^^^^^^^^^^^^^
  File "D:\Documents\UFAA\code\ufaa_prod_backend\env_ufaa5\Lib\site-packages\django\utils\decorators.py", line 192, in _view_wrapper
    result = _process_exception(request, e)
  File "D:\Documents\UFAA\code\ufaa_prod_backend\env_ufaa5\Lib\site-packages\django\utils\decorators.py", line 190, in _view_wrapper
    response = view_func(request, *args, **kwargs)
  File "D:\Documents\UFAA\code\ufaa_prod_backend\env_ufaa5\Lib\site-packages\django\views\decorators\cache.py", line 80, in _view_wrapper
    response = view_func(request, *args, **kwargs)
  File "D:\Documents\UFAA\code\ufaa_prod_backend\env_ufaa5\Lib\site-packages\django\contrib\admin\sites.py", line 247, in inner
    return view(request, *args, **kwargs)
  File "D:\Documents\UFAA\code\ufaa_prod_backend\env_ufaa5\Lib\site-packages\django\contrib\admin\sites.py", line 411, in logout
    return LogoutView.as_view(**defaults)(request)
           ~~~~~~~~~~~~~~~~~~~~~~~~~~~~~~^^^^^^^^^
  File "D:\Documents\UFAA\code\ufaa_prod_backend\env_ufaa5\Lib\site-packages\django\views\generic\base.py", line 106, in view
    return self.dispatch(request, *args, **kwargs)
           ~~~~~~~~~~~~~^^^^^^^^^^^^^^^^^^^^^^^^^^
  File "D:\Documents\UFAA\code\ufaa_prod_backend\env_ufaa5\Lib\site-packages\django\utils\decorators.py", line 48, in _wrapper
    return bound_method(*args, **kwargs)
  File "D:\Documents\UFAA\code\ufaa_prod_backend\env_ufaa5\Lib\site-packages\django\utils\decorators.py", line 192, in _view_wrapper
    result = _process_exception(request, e)
  File "D:\Documents\UFAA\code\ufaa_prod_backend\env_ufaa5\Lib\site-packages\django\utils\decorators.py", line 190, in _view_wrapper
    response = view_func(request, *args, **kwargs)
  File "D:\Documents\UFAA\code\ufaa_prod_backend\env_ufaa5\Lib\site-packages\django\views\decorators\cache.py", line 80, in _view_wrapper
    response = view_func(request, *args, **kwargs)
  File "D:\Documents\UFAA\code\ufaa_prod_backend\env_ufaa5\Lib\site-packages\django\views\generic\base.py", line 145, in dispatch
    return handler(request, *args, **kwargs)
  File "D:\Documents\UFAA\code\ufaa_prod_backend\env_ufaa5\Lib\site-packages\django\contrib\auth\views.py", line 138, in post
    redirect_to = self.get_success_url()
  File "D:\Documents\UFAA\code\ufaa_prod_backend\env_ufaa5\Lib\site-packages\django\contrib\auth\views.py", line 41, in get_success_url
    return self.get_redirect_url() or self.get_default_redirect_url()
                                      ~~~~~~~~~~~~~~~~~~~~~~~~~~~~~^^
  File "D:\Documents\UFAA\code\ufaa_prod_backend\env_ufaa5\Lib\site-packages\django\contrib\auth\views.py", line 149, in get_default_redirect_url
    return resolve_url(settings.LOGOUT_REDIRECT_URL)
  File "D:\Documents\UFAA\code\ufaa_prod_backend\env_ufaa5\Lib\site-packages\django\shortcuts.py", line 184, in resolve_url
    return reverse(to, args=args, kwargs=kwargs)
  File "D:\Documents\UFAA\code\ufaa_prod_backend\env_ufaa5\Lib\site-packages\django\urls\base.py", line 92, in reverse
    raise NoReverseMatch("%s is not a registered namespace" % key)
django.urls.exceptions.NoReverseMatch: 'guest_portal' is not a registered namespace
ERROR 2026-05-10 13:40:43,932 log 11584 41144 "POST /admin/logout/ HTTP/1.1" 500 179903
INFO 2026-05-10 13:43:48,550 autoreload 11584 30108 D:\Documents\UFAA\code\ufaa_prod_backend\ufaamobilebackend\ufaamobilebackend\urls.py changed, reloading.
INFO 2026-05-10 13:43:48,844 autoreload 32564 45976 D:\Documents\UFAA\code\ufaa_prod_backend\ufaamobilebackend\ufaamobilebackend\urls.py changed, reloading.
INFO 2026-05-10 13:43:50,130 autoreload 51020 22516 Watching for file changes with StatReloader
INFO 2026-05-10 13:43:50,130 autoreload 26192 37660 Watching for file changes with StatReloader
INFO 2026-05-10 13:44:20,167 autoreload 26192 37660 D:\Documents\UFAA\code\ufaa_prod_backend\ufaamobilebackend\guest_portal\urls.py changed, reloading.
INFO 2026-05-10 13:44:20,180 autoreload 51020 22516 D:\Documents\UFAA\code\ufaa_prod_backend\ufaamobilebackend\guest_portal\urls.py changed, reloading.
INFO 2026-05-10 13:44:21,349 autoreload 55152 20708 Watching for file changes with StatReloader
INFO 2026-05-10 13:44:21,367 autoreload 35236 47488 Watching for file changes with StatReloader
INFO 2026-05-10 13:45:22,946 autoreload 35236 47488 D:\Documents\UFAA\code\ufaa_prod_backend\ufaamobilebackend\ufaamobilebackend\urls.py changed, reloading.
INFO 2026-05-10 13:45:22,951 autoreload 55152 20708 D:\Documents\UFAA\code\ufaa_prod_backend\ufaamobilebackend\ufaamobilebackend\urls.py changed, reloading.
INFO 2026-05-10 13:45:23,987 autoreload 21720 51460 Watching for file changes with StatReloader
INFO 2026-05-10 13:45:23,994 autoreload 47628 34640 Watching for file changes with StatReloader
INFO 2026-05-10 13:45:31,096 log 21720 54984 "GET / HTTP/1.1" 200 35702
INFO 2026-05-10 13:45:56,921 autoreload 21720 51460 D:\Documents\UFAA\code\ufaa_prod_backend\ufaamobilebackend\ufaamobilebackend\urls.py changed, reloading.
INFO 2026-05-10 13:45:57,319 autoreload 47628 34640 D:\Documents\UFAA\code\ufaa_prod_backend\ufaamobilebackend\ufaamobilebackend\urls.py changed, reloading.
INFO 2026-05-10 13:45:58,053 autoreload 50716 54376 Watching for file changes with StatReloader
INFO 2026-05-10 13:45:58,461 autoreload 34128 48832 Watching for file changes with StatReloader
INFO 2026-05-10 13:46:05,266 log 50716 44184 "GET / HTTP/1.1" 200 36956
INFO 2026-05-10 13:46:10,658 log 50716 44184 "GET /admin/ HTTP/1.1" 302 0
INFO 2026-05-10 13:46:10,937 log 50716 44184 "GET /admin/login/?next=/admin/ HTTP/1.1" 200 16712
INFO 2026-05-10 13:46:11,033 log 50716 44184 "GET /static/admin_interface/css/admin-interface.css?v=fbf73b4c3a05e7b27c0ed71177534234cb431fc7becc666773c1f652 HTTP/1.1" 304 0
INFO 2026-05-10 13:46:11,034 log 50716 23488 "GET /static/admin_interface/css/changelist.css?v=fbf73b4c3a05e7b27c0ed71177534234cb431fc7becc666773c1f652 HTTP/1.1" 304 0
INFO 2026-05-10 13:46:11,034 log 50716 28732 "GET /static/admin_interface/css/change-form.css?v=fbf73b4c3a05e7b27c0ed71177534234cb431fc7becc666773c1f652 HTTP/1.1" 304 0
INFO 2026-05-10 13:46:11,040 log 50716 28732 "GET /static/admin_interface/css/file-upload.css?v=fbf73b4c3a05e7b27c0ed71177534234cb431fc7becc666773c1f652 HTTP/1.1" 304 0
INFO 2026-05-10 13:46:11,041 log 50716 44184 "GET /static/admin_interface/css/fieldsets.css?v=fbf73b4c3a05e7b27c0ed71177534234cb431fc7becc666773c1f652 HTTP/1.1" 304 0
INFO 2026-05-10 13:46:11,041 log 50716 23488 "GET /static/admin_interface/css/header.css?v=fbf73b4c3a05e7b27c0ed71177534234cb431fc7becc666773c1f652 HTTP/1.1" 304 0
INFO 2026-05-10 13:46:11,048 log 50716 23488 "GET /static/admin_interface/css/jquery.ui.tabs.css?v=fbf73b4c3a05e7b27c0ed71177534234cb431fc7becc666773c1f652 HTTP/1.1" 304 0
INFO 2026-05-10 13:46:11,049 log 50716 44184 "GET /static/admin_interface/css/language-chooser.css?v=fbf73b4c3a05e7b27c0ed71177534234cb431fc7becc666773c1f652 HTTP/1.1" 304 0
INFO 2026-05-10 13:46:11,049 log 50716 28732 "GET /static/admin_interface/css/inlines.css?v=fbf73b4c3a05e7b27c0ed71177534234cb431fc7becc666773c1f652 HTTP/1.1" 304 0
INFO 2026-05-10 13:46:11,055 log 50716 23488 "GET /static/admin_interface/css/list-filter.css?v=fbf73b4c3a05e7b27c0ed71177534234cb431fc7becc666773c1f652 HTTP/1.1" 304 0
INFO 2026-05-10 13:46:11,056 log 50716 44184 "GET /static/admin_interface/css/list-filter-dropdown.css?v=fbf73b4c3a05e7b27c0ed71177534234cb431fc7becc666773c1f652 HTTP/1.1" 304 0
INFO 2026-05-10 13:46:11,058 log 50716 28732 "GET /static/admin_interface/css/login.css?v=fbf73b4c3a05e7b27c0ed71177534234cb431fc7becc666773c1f652 HTTP/1.1" 304 0
INFO 2026-05-10 13:46:11,064 log 50716 23488 "GET /static/admin_interface/css/modules.css?v=fbf73b4c3a05e7b27c0ed71177534234cb431fc7becc666773c1f652 HTTP/1.1" 304 0
INFO 2026-05-10 13:46:11,065 log 50716 44184 "GET /static/admin_interface/css/nav-sidebar.css?v=fbf73b4c3a05e7b27c0ed71177534234cb431fc7becc666773c1f652 HTTP/1.1" 304 0
INFO 2026-05-10 13:46:11,067 log 50716 28732 "GET /static/admin_interface/css/paginator.css?v=fbf73b4c3a05e7b27c0ed71177534234cb431fc7becc666773c1f652 HTTP/1.1" 304 0
INFO 2026-05-10 13:46:11,071 log 50716 44184 "GET /static/admin_interface/css/rtl.css?v=fbf73b4c3a05e7b27c0ed71177534234cb431fc7becc666773c1f652 HTTP/1.1" 304 0
INFO 2026-05-10 13:46:11,072 log 50716 23488 "GET /static/admin_interface/css/object-tools.css?v=fbf73b4c3a05e7b27c0ed71177534234cb431fc7becc666773c1f652 HTTP/1.1" 304 0
INFO 2026-05-10 13:46:11,072 log 50716 28732 "GET /static/admin_interface/css/sticky-form-controls.css?v=fbf73b4c3a05e7b27c0ed71177534234cb431fc7becc666773c1f652 HTTP/1.1" 304 0
INFO 2026-05-10 13:46:11,080 log 50716 44184 "GET /static/admin_interface/css/tabbed-changeform.css?v=fbf73b4c3a05e7b27c0ed71177534234cb431fc7becc666773c1f652 HTTP/1.1" 304 0
INFO 2026-05-10 13:46:11,080 log 50716 23488 "GET /static/admin_interface/css/third-party/ckeditor.css?v=fbf73b4c3a05e7b27c0ed71177534234cb431fc7becc666773c1f652 HTTP/1.1" 304 0
INFO 2026-05-10 13:46:11,082 log 50716 28732 "GET /static/admin_interface/css/widgets.css?v=fbf73b4c3a05e7b27c0ed71177534234cb431fc7becc666773c1f652 HTTP/1.1" 304 0
INFO 2026-05-10 13:46:11,086 log 50716 23488 "GET /static/admin_interface/css/third-party/json-widget.css?v=fbf73b4c3a05e7b27c0ed71177534234cb431fc7becc666773c1f652 HTTP/1.1" 304 0
INFO 2026-05-10 13:46:11,086 log 50716 44184 "GET /static/admin_interface/css/third-party/import-export.css?v=fbf73b4c3a05e7b27c0ed71177534234cb431fc7becc666773c1f652 HTTP/1.1" 304 0
INFO 2026-05-10 13:46:11,086 log 50716 28732 "GET /static/admin_interface/css/third-party/modeltranslation.css?v=fbf73b4c3a05e7b27c0ed71177534234cb431fc7becc666773c1f652 HTTP/1.1" 304 0
INFO 2026-05-10 13:46:11,091 log 50716 23488 "GET /static/admin_interface/css/third-party/rangefilter.css?v=fbf73b4c3a05e7b27c0ed71177534234cb431fc7becc666773c1f652 HTTP/1.1" 304 0
INFO 2026-05-10 13:46:11,092 log 50716 44184 "GET /static/admin_interface/css/third-party/streamfield.css?v=fbf73b4c3a05e7b27c0ed71177534234cb431fc7becc666773c1f652 HTTP/1.1" 304 0
INFO 2026-05-10 13:46:11,092 log 50716 28732 "GET /static/admin_interface/css/third-party/sorl-thumbnail.css?v=fbf73b4c3a05e7b27c0ed71177534234cb431fc7becc666773c1f652 HTTP/1.1" 304 0
INFO 2026-05-10 13:46:11,097 log 50716 23488 "GET /static/admin_interface/css/third-party/tinymce.css?v=fbf73b4c3a05e7b27c0ed71177534234cb431fc7becc666773c1f652 HTTP/1.1" 304 0
INFO 2026-05-10 13:46:11,099 log 50716 44184 "GET /static/admin_interface/foldable-apps/foldable-apps.css?v=fbf73b4c3a05e7b27c0ed71177534234cb431fc7becc666773c1f652 HTTP/1.1" 304 0
INFO 2026-05-10 13:46:11,100 log 50716 28732 "GET /static/admin_interface/magnific-popup/magnific-popup.css?v=fbf73b4c3a05e7b27c0ed71177534234cb431fc7becc666773c1f652 HTTP/1.1" 304 0
INFO 2026-05-10 13:46:11,103 log 50716 23488 "GET /static/admin_interface/related-modal/related-modal.css?v=fbf73b4c3a05e7b27c0ed71177534234cb431fc7becc666773c1f652 HTTP/1.1" 304 0
INFO 2026-05-10 13:46:11,105 log 50716 44184 "GET /static/admin_interface/foldable-apps/foldable-apps.js?v=fbf73b4c3a05e7b27c0ed71177534234cb431fc7becc666773c1f652 HTTP/1.1" 304 0
INFO 2026-05-10 13:46:11,106 log 50716 23488 "GET /static/admin_interface/related-modal/related-modal.js?v=fbf73b4c3a05e7b27c0ed71177534234cb431fc7becc666773c1f652 HTTP/1.1" 304 0
INFO 2026-05-10 13:46:11,106 log 50716 28732 "GET /static/admin_interface/magnific-popup/jquery.magnific-popup.js?v=fbf73b4c3a05e7b27c0ed71177534234cb431fc7becc666773c1f652 HTTP/1.1" 304 0
INFO 2026-05-10 13:46:24,450 log 50716 28732 "POST /admin/login/?next=/admin/ HTTP/1.1" 302 0
INFO 2026-05-10 13:46:24,607 log 50716 28732 "GET /admin/ HTTP/1.1" 200 33550
INFO 2026-05-10 13:46:27,231 log 50716 28732 "POST /admin/logout/ HTTP/1.1" 302 0
INFO 2026-05-10 13:46:27,236 log 50716 28732 "GET / HTTP/1.1" 200 36956
INFO 2026-05-10 13:47:17,691 log 50716 28732 "GET / HTTP/1.1" 200 32400
INFO 2026-05-10 13:48:03,922 log 50716 28732 "GET / HTTP/1.1" 200 32400
INFO 2026-05-10 13:48:25,041 log 50716 28732 "GET / HTTP/1.1" 200 32400
INFO 2026-05-10 13:49:15,038 log 50716 28732 "GET / HTTP/1.1" 200 32400
INFO 2026-05-10 13:49:50,348 log 50716 28732 "GET /admin/ HTTP/1.1" 302 0
INFO 2026-05-10 13:49:50,460 log 50716 28732 "GET /admin/login/?next=/admin/ HTTP/1.1" 200 16712
INFO 2026-05-10 13:49:50,517 log 50716 44184 "GET /static/admin_interface/css/change-form.css?v=fbf73b4c3a05e7b27c0ed71177534234cb431fc7becc666773c1f652 HTTP/1.1" 304 0
INFO 2026-05-10 13:49:50,518 log 50716 23488 "GET /static/admin_interface/css/changelist.css?v=fbf73b4c3a05e7b27c0ed71177534234cb431fc7becc666773c1f652 HTTP/1.1" 304 0
INFO 2026-05-10 13:49:50,518 log 50716 28732 "GET /static/admin_interface/css/admin-interface.css?v=fbf73b4c3a05e7b27c0ed71177534234cb431fc7becc666773c1f652 HTTP/1.1" 304 0
INFO 2026-05-10 13:49:50,524 log 50716 44184 "GET /static/admin_interface/css/fieldsets.css?v=fbf73b4c3a05e7b27c0ed71177534234cb431fc7becc666773c1f652 HTTP/1.1" 304 0
INFO 2026-05-10 13:49:50,524 log 50716 23488 "GET /static/admin_interface/css/header.css?v=fbf73b4c3a05e7b27c0ed71177534234cb431fc7becc666773c1f652 HTTP/1.1" 304 0
INFO 2026-05-10 13:49:50,526 log 50716 28732 "GET /static/admin_interface/css/file-upload.css?v=fbf73b4c3a05e7b27c0ed71177534234cb431fc7becc666773c1f652 HTTP/1.1" 304 0
INFO 2026-05-10 13:49:50,532 log 50716 44184 "GET /static/admin_interface/css/inlines.css?v=fbf73b4c3a05e7b27c0ed71177534234cb431fc7becc666773c1f652 HTTP/1.1" 304 0
INFO 2026-05-10 13:49:50,534 log 50716 28732 "GET /static/admin_interface/css/language-chooser.css?v=fbf73b4c3a05e7b27c0ed71177534234cb431fc7becc666773c1f652 HTTP/1.1" 304 0
INFO 2026-05-10 13:49:50,535 log 50716 23488 "GET /static/admin_interface/css/jquery.ui.tabs.css?v=fbf73b4c3a05e7b27c0ed71177534234cb431fc7becc666773c1f652 HTTP/1.1" 304 0
INFO 2026-05-10 13:49:50,538 log 50716 44184 "GET /static/admin_interface/css/list-filter.css?v=fbf73b4c3a05e7b27c0ed71177534234cb431fc7becc666773c1f652 HTTP/1.1" 304 0
INFO 2026-05-10 13:49:50,541 log 50716 28732 "GET /static/admin_interface/css/list-filter-dropdown.css?v=fbf73b4c3a05e7b27c0ed71177534234cb431fc7becc666773c1f652 HTTP/1.1" 304 0
INFO 2026-05-10 13:49:50,542 log 50716 44184 "GET /static/admin_interface/css/modules.css?v=fbf73b4c3a05e7b27c0ed71177534234cb431fc7becc666773c1f652 HTTP/1.1" 304 0
INFO 2026-05-10 13:49:50,542 log 50716 23488 "GET /static/admin_interface/css/login.css?v=fbf73b4c3a05e7b27c0ed71177534234cb431fc7becc666773c1f652 HTTP/1.1" 304 0
INFO 2026-05-10 13:49:50,548 log 50716 28732 "GET /static/admin_interface/css/nav-sidebar.css?v=fbf73b4c3a05e7b27c0ed71177534234cb431fc7becc666773c1f652 HTTP/1.1" 304 0
INFO 2026-05-10 13:49:50,550 log 50716 44184 "GET /static/admin_interface/css/object-tools.css?v=fbf73b4c3a05e7b27c0ed71177534234cb431fc7becc666773c1f652 HTTP/1.1" 304 0
INFO 2026-05-10 13:49:50,551 log 50716 23488 "GET /static/admin_interface/css/paginator.css?v=fbf73b4c3a05e7b27c0ed71177534234cb431fc7becc666773c1f652 HTTP/1.1" 304 0
INFO 2026-05-10 13:49:50,554 log 50716 28732 "GET /static/admin_interface/css/rtl.css?v=fbf73b4c3a05e7b27c0ed71177534234cb431fc7becc666773c1f652 HTTP/1.1" 304 0
INFO 2026-05-10 13:49:50,557 log 50716 44184 "GET /static/admin_interface/css/sticky-form-controls.css?v=fbf73b4c3a05e7b27c0ed71177534234cb431fc7becc666773c1f652 HTTP/1.1" 304 0
INFO 2026-05-10 13:49:50,557 log 50716 28732 "GET /static/admin_interface/css/widgets.css?v=fbf73b4c3a05e7b27c0ed71177534234cb431fc7becc666773c1f652 HTTP/1.1" 304 0
INFO 2026-05-10 13:49:50,558 log 50716 23488 "GET /static/admin_interface/css/tabbed-changeform.css?v=fbf73b4c3a05e7b27c0ed71177534234cb431fc7becc666773c1f652 HTTP/1.1" 304 0
INFO 2026-05-10 13:49:50,563 log 50716 44184 "GET /static/admin_interface/css/third-party/ckeditor.css?v=fbf73b4c3a05e7b27c0ed71177534234cb431fc7becc666773c1f652 HTTP/1.1" 304 0
INFO 2026-05-10 13:49:50,564 log 50716 28732 "GET /static/admin_interface/css/third-party/import-export.css?v=fbf73b4c3a05e7b27c0ed71177534234cb431fc7becc666773c1f652 HTTP/1.1" 304 0
INFO 2026-05-10 13:49:50,565 log 50716 23488 "GET /static/admin_interface/css/third-party/json-widget.css?v=fbf73b4c3a05e7b27c0ed71177534234cb431fc7becc666773c1f652 HTTP/1.1" 304 0
INFO 2026-05-10 13:49:50,569 log 50716 44184 "GET /static/admin_interface/css/third-party/modeltranslation.css?v=fbf73b4c3a05e7b27c0ed71177534234cb431fc7becc666773c1f652 HTTP/1.1" 304 0
INFO 2026-05-10 13:49:50,571 log 50716 23488 "GET /static/admin_interface/css/third-party/sorl-thumbnail.css?v=fbf73b4c3a05e7b27c0ed71177534234cb431fc7becc666773c1f652 HTTP/1.1" 304 0
INFO 2026-05-10 13:49:50,570 log 50716 28732 "GET /static/admin_interface/css/third-party/rangefilter.css?v=fbf73b4c3a05e7b27c0ed71177534234cb431fc7becc666773c1f652 HTTP/1.1" 304 0
INFO 2026-05-10 13:49:50,577 log 50716 44184 "GET /static/admin_interface/css/third-party/streamfield.css?v=fbf73b4c3a05e7b27c0ed71177534234cb431fc7becc666773c1f652 HTTP/1.1" 304 0
INFO 2026-05-10 13:49:50,578 log 50716 23488 "GET /static/admin_interface/css/third-party/tinymce.css?v=fbf73b4c3a05e7b27c0ed71177534234cb431fc7becc666773c1f652 HTTP/1.1" 304 0
INFO 2026-05-10 13:49:50,581 log 50716 28732 "GET /static/admin_interface/foldable-apps/foldable-apps.css?v=fbf73b4c3a05e7b27c0ed71177534234cb431fc7becc666773c1f652 HTTP/1.1" 304 0
INFO 2026-05-10 13:49:50,585 log 50716 44184 "GET /static/admin_interface/magnific-popup/magnific-popup.css?v=fbf73b4c3a05e7b27c0ed71177534234cb431fc7becc666773c1f652 HTTP/1.1" 304 0
INFO 2026-05-10 13:49:50,585 log 50716 23488 "GET /static/admin_interface/related-modal/related-modal.css?v=fbf73b4c3a05e7b27c0ed71177534234cb431fc7becc666773c1f652 HTTP/1.1" 304 0
INFO 2026-05-10 13:49:50,588 log 50716 28732 "GET /static/admin_interface/foldable-apps/foldable-apps.js?v=fbf73b4c3a05e7b27c0ed71177534234cb431fc7becc666773c1f652 HTTP/1.1" 304 0
INFO 2026-05-10 13:49:50,591 log 50716 44184 "GET /static/admin_interface/magnific-popup/jquery.magnific-popup.js?v=fbf73b4c3a05e7b27c0ed71177534234cb431fc7becc666773c1f652 HTTP/1.1" 304 0
INFO 2026-05-10 13:49:50,591 log 50716 23488 "GET /static/admin_interface/related-modal/related-modal.js?v=fbf73b4c3a05e7b27c0ed71177534234cb431fc7becc666773c1f652 HTTP/1.1" 304 0
INFO 2026-05-10 13:58:47,189 log 50716 53264 "GET /admin/ HTTP/1.1" 302 0
INFO 2026-05-10 13:58:47,650 log 50716 53264 "GET /admin/login/?next=/admin/ HTTP/1.1" 200 16712
INFO 2026-05-10 13:58:47,884 log 50716 28384 "GET /static/admin_interface/css/change-form.css?v=fbf73b4c3a05e7b27c0ed71177534234cb431fc7becc666773c1f652 HTTP/1.1" 304 0
INFO 2026-05-10 13:58:47,885 log 50716 42092 "GET /static/admin_interface/css/changelist.css?v=fbf73b4c3a05e7b27c0ed71177534234cb431fc7becc666773c1f652 HTTP/1.1" 304 0
INFO 2026-05-10 13:58:47,885 log 50716 53264 "GET /static/admin_interface/css/admin-interface.css?v=fbf73b4c3a05e7b27c0ed71177534234cb431fc7becc666773c1f652 HTTP/1.1" 304 0
INFO 2026-05-10 13:58:47,891 log 50716 28384 "GET /static/admin_interface/css/fieldsets.css?v=fbf73b4c3a05e7b27c0ed71177534234cb431fc7becc666773c1f652 HTTP/1.1" 304 0
INFO 2026-05-10 13:58:47,892 log 50716 42092 "GET /static/admin_interface/css/file-upload.css?v=fbf73b4c3a05e7b27c0ed71177534234cb431fc7becc666773c1f652 HTTP/1.1" 304 0
INFO 2026-05-10 13:58:47,892 log 50716 53264 "GET /static/admin_interface/css/header.css?v=fbf73b4c3a05e7b27c0ed71177534234cb431fc7becc666773c1f652 HTTP/1.1" 304 0
INFO 2026-05-10 13:58:47,896 log 50716 28384 "GET /static/admin_interface/css/inlines.css?v=fbf73b4c3a05e7b27c0ed71177534234cb431fc7becc666773c1f652 HTTP/1.1" 304 0
INFO 2026-05-10 13:58:47,897 log 50716 42092 "GET /static/admin_interface/css/jquery.ui.tabs.css?v=fbf73b4c3a05e7b27c0ed71177534234cb431fc7becc666773c1f652 HTTP/1.1" 304 0
INFO 2026-05-10 13:58:47,899 log 50716 53264 "GET /static/admin_interface/css/language-chooser.css?v=fbf73b4c3a05e7b27c0ed71177534234cb431fc7becc666773c1f652 HTTP/1.1" 304 0
INFO 2026-05-10 13:58:47,900 log 50716 28384 "GET /static/admin_interface/css/list-filter.css?v=fbf73b4c3a05e7b27c0ed71177534234cb431fc7becc666773c1f652 HTTP/1.1" 304 0
INFO 2026-05-10 13:58:47,903 log 50716 42092 "GET /static/admin_interface/css/list-filter-dropdown.css?v=fbf73b4c3a05e7b27c0ed71177534234cb431fc7becc666773c1f652 HTTP/1.1" 304 0
INFO 2026-05-10 13:58:47,905 log 50716 53264 "GET /static/admin_interface/css/login.css?v=fbf73b4c3a05e7b27c0ed71177534234cb431fc7becc666773c1f652 HTTP/1.1" 304 0
INFO 2026-05-10 13:58:47,907 log 50716 28384 "GET /static/admin_interface/css/modules.css?v=fbf73b4c3a05e7b27c0ed71177534234cb431fc7becc666773c1f652 HTTP/1.1" 304 0
INFO 2026-05-10 13:58:47,908 log 50716 42092 "GET /static/admin_interface/css/nav-sidebar.css?v=fbf73b4c3a05e7b27c0ed71177534234cb431fc7becc666773c1f652 HTTP/1.1" 304 0
INFO 2026-05-10 13:58:47,909 log 50716 53264 "GET /static/admin_interface/css/paginator.css?v=fbf73b4c3a05e7b27c0ed71177534234cb431fc7becc666773c1f652 HTTP/1.1" 304 0
INFO 2026-05-10 13:58:47,910 log 50716 28384 "GET /static/admin_interface/css/object-tools.css?v=fbf73b4c3a05e7b27c0ed71177534234cb431fc7becc666773c1f652 HTTP/1.1" 304 0
INFO 2026-05-10 13:58:47,912 log 50716 42092 "GET /static/admin_interface/css/rtl.css?v=fbf73b4c3a05e7b27c0ed71177534234cb431fc7becc666773c1f652 HTTP/1.1" 304 0
INFO 2026-05-10 13:58:47,914 log 50716 53264 "GET /static/admin_interface/css/sticky-form-controls.css?v=fbf73b4c3a05e7b27c0ed71177534234cb431fc7becc666773c1f652 HTTP/1.1" 304 0
INFO 2026-05-10 13:58:47,915 log 50716 28384 "GET /static/admin_interface/css/tabbed-changeform.css?v=fbf73b4c3a05e7b27c0ed71177534234cb431fc7becc666773c1f652 HTTP/1.1" 304 0
INFO 2026-05-10 13:58:47,916 log 50716 42092 "GET /static/admin_interface/css/widgets.css?v=fbf73b4c3a05e7b27c0ed71177534234cb431fc7becc666773c1f652 HTTP/1.1" 304 0
INFO 2026-05-10 13:58:47,919 log 50716 53264 "GET /static/admin_interface/css/third-party/ckeditor.css?v=fbf73b4c3a05e7b27c0ed71177534234cb431fc7becc666773c1f652 HTTP/1.1" 304 0
INFO 2026-05-10 13:58:47,920 log 50716 28384 "GET /static/admin_interface/css/third-party/import-export.css?v=fbf73b4c3a05e7b27c0ed71177534234cb431fc7becc666773c1f652 HTTP/1.1" 304 0
INFO 2026-05-10 13:58:47,921 log 50716 42092 "GET /static/admin_interface/css/third-party/json-widget.css?v=fbf73b4c3a05e7b27c0ed71177534234cb431fc7becc666773c1f652 HTTP/1.1" 304 0
INFO 2026-05-10 13:58:47,924 log 50716 53264 "GET /static/admin_interface/css/third-party/modeltranslation.css?v=fbf73b4c3a05e7b27c0ed71177534234cb431fc7becc666773c1f652 HTTP/1.1" 304 0
INFO 2026-05-10 13:58:47,925 log 50716 28384 "GET /static/admin_interface/css/third-party/rangefilter.css?v=fbf73b4c3a05e7b27c0ed71177534234cb431fc7becc666773c1f652 HTTP/1.1" 304 0
INFO 2026-05-10 13:58:47,926 log 50716 42092 "GET /static/admin_interface/css/third-party/sorl-thumbnail.css?v=fbf73b4c3a05e7b27c0ed71177534234cb431fc7becc666773c1f652 HTTP/1.1" 304 0
INFO 2026-05-10 13:58:47,929 log 50716 53264 "GET /static/admin_interface/css/third-party/streamfield.css?v=fbf73b4c3a05e7b27c0ed71177534234cb431fc7becc666773c1f652 HTTP/1.1" 304 0
INFO 2026-05-10 13:58:47,929 log 50716 28384 "GET /static/admin_interface/css/third-party/tinymce.css?v=fbf73b4c3a05e7b27c0ed71177534234cb431fc7becc666773c1f652 HTTP/1.1" 304 0
INFO 2026-05-10 13:58:47,932 log 50716 42092 "GET /static/admin_interface/foldable-apps/foldable-apps.css?v=fbf73b4c3a05e7b27c0ed71177534234cb431fc7becc666773c1f652 HTTP/1.1" 304 0
INFO 2026-05-10 13:58:47,935 log 50716 28384 "GET /static/admin_interface/related-modal/related-modal.css?v=fbf73b4c3a05e7b27c0ed71177534234cb431fc7becc666773c1f652 HTTP/1.1" 304 0
INFO 2026-05-10 13:58:47,935 log 50716 53264 "GET /static/admin_interface/magnific-popup/magnific-popup.css?v=fbf73b4c3a05e7b27c0ed71177534234cb431fc7becc666773c1f652 HTTP/1.1" 304 0
INFO 2026-05-10 13:58:47,937 log 50716 42092 "GET /static/admin_interface/foldable-apps/foldable-apps.js?v=fbf73b4c3a05e7b27c0ed71177534234cb431fc7becc666773c1f652 HTTP/1.1" 304 0
INFO 2026-05-10 13:58:47,939 log 50716 28384 "GET /static/admin_interface/magnific-popup/jquery.magnific-popup.js?v=fbf73b4c3a05e7b27c0ed71177534234cb431fc7becc666773c1f652 HTTP/1.1" 304 0
INFO 2026-05-10 13:58:47,940 log 50716 53264 "GET /static/admin_interface/related-modal/related-modal.js?v=fbf73b4c3a05e7b27c0ed71177534234cb431fc7becc666773c1f652 HTTP/1.1" 304 0
INFO 2026-05-10 14:05:31,470 basehttp 50716 49584 - Broken pipe from ('127.0.0.1', 49267)
INFO 2026-05-10 14:05:32,504 log 50716 2176 "POST /admin/login/?next=/admin/ HTTP/1.1" 302 0
INFO 2026-05-10 14:05:32,665 log 50716 2176 "GET /admin/ HTTP/1.1" 200 33550
INFO 2026-05-10 14:05:32,720 log 50716 2176 "GET /static/admin_interface/css/admin-interface.css?v=fbf73b4c3a05e7b27c0ed71177534234cb431fc7becc666773c1f652 HTTP/1.1" 304 0
INFO 2026-05-10 14:05:32,721 log 50716 45192 "GET /static/admin_interface/css/changelist.css?v=fbf73b4c3a05e7b27c0ed71177534234cb431fc7becc666773c1f652 HTTP/1.1" 304 0
INFO 2026-05-10 14:05:32,726 log 50716 45192 "GET /static/admin_interface/css/change-form.css?v=fbf73b4c3a05e7b27c0ed71177534234cb431fc7becc666773c1f652 HTTP/1.1" 304 0
INFO 2026-05-10 14:05:32,726 log 50716 2176 "GET /static/admin_interface/css/fieldsets.css?v=fbf73b4c3a05e7b27c0ed71177534234cb431fc7becc666773c1f652 HTTP/1.1" 304 0
INFO 2026-05-10 14:05:32,731 log 50716 45192 "GET /static/admin_interface/css/file-upload.css?v=fbf73b4c3a05e7b27c0ed71177534234cb431fc7becc666773c1f652 HTTP/1.1" 304 0
INFO 2026-05-10 14:05:32,731 log 50716 2176 "GET /static/admin_interface/css/header.css?v=fbf73b4c3a05e7b27c0ed71177534234cb431fc7becc666773c1f652 HTTP/1.1" 304 0
INFO 2026-05-10 14:05:32,734 log 50716 2176 "GET /static/admin_interface/css/inlines.css?v=fbf73b4c3a05e7b27c0ed71177534234cb431fc7becc666773c1f652 HTTP/1.1" 304 0
INFO 2026-05-10 14:05:32,734 log 50716 45192 "GET /static/admin_interface/css/jquery.ui.tabs.css?v=fbf73b4c3a05e7b27c0ed71177534234cb431fc7becc666773c1f652 HTTP/1.1" 304 0
INFO 2026-05-10 14:05:32,737 log 50716 2176 "GET /static/admin_interface/css/language-chooser.css?v=fbf73b4c3a05e7b27c0ed71177534234cb431fc7becc666773c1f652 HTTP/1.1" 304 0
INFO 2026-05-10 14:05:32,737 log 50716 45192 "GET /static/admin_interface/css/list-filter.css?v=fbf73b4c3a05e7b27c0ed71177534234cb431fc7becc666773c1f652 HTTP/1.1" 304 0
INFO 2026-05-10 14:05:32,740 log 50716 2176 "GET /static/admin_interface/css/list-filter-dropdown.css?v=fbf73b4c3a05e7b27c0ed71177534234cb431fc7becc666773c1f652 HTTP/1.1" 304 0
INFO 2026-05-10 14:05:32,741 log 50716 45192 "GET /static/admin_interface/css/login.css?v=fbf73b4c3a05e7b27c0ed71177534234cb431fc7becc666773c1f652 HTTP/1.1" 304 0
INFO 2026-05-10 14:05:32,742 log 50716 2176 "GET /static/admin_interface/css/modules.css?v=fbf73b4c3a05e7b27c0ed71177534234cb431fc7becc666773c1f652 HTTP/1.1" 304 0
INFO 2026-05-10 14:05:32,744 log 50716 45192 "GET /static/admin_interface/css/nav-sidebar.css?v=fbf73b4c3a05e7b27c0ed71177534234cb431fc7becc666773c1f652 HTTP/1.1" 304 0
INFO 2026-05-10 14:05:32,745 log 50716 2176 "GET /static/admin_interface/css/paginator.css?v=fbf73b4c3a05e7b27c0ed71177534234cb431fc7becc666773c1f652 HTTP/1.1" 304 0
INFO 2026-05-10 14:05:32,747 log 50716 45192 "GET /static/admin_interface/css/object-tools.css?v=fbf73b4c3a05e7b27c0ed71177534234cb431fc7becc666773c1f652 HTTP/1.1" 304 0
INFO 2026-05-10 14:05:32,748 log 50716 2176 "GET /static/admin_interface/css/rtl.css?v=fbf73b4c3a05e7b27c0ed71177534234cb431fc7becc666773c1f652 HTTP/1.1" 304 0
INFO 2026-05-10 14:05:32,750 log 50716 45192 "GET /static/admin_interface/css/sticky-form-controls.css?v=fbf73b4c3a05e7b27c0ed71177534234cb431fc7becc666773c1f652 HTTP/1.1" 304 0
INFO 2026-05-10 14:05:32,750 log 50716 2176 "GET /static/admin_interface/css/tabbed-changeform.css?v=fbf73b4c3a05e7b27c0ed71177534234cb431fc7becc666773c1f652 HTTP/1.1" 304 0
INFO 2026-05-10 14:05:32,753 log 50716 45192 "GET /static/admin_interface/css/widgets.css?v=fbf73b4c3a05e7b27c0ed71177534234cb431fc7becc666773c1f652 HTTP/1.1" 304 0
INFO 2026-05-10 14:05:32,753 log 50716 2176 "GET /static/admin_interface/css/third-party/ckeditor.css?v=fbf73b4c3a05e7b27c0ed71177534234cb431fc7becc666773c1f652 HTTP/1.1" 304 0
INFO 2026-05-10 14:05:32,756 log 50716 45192 "GET /static/admin_interface/css/third-party/import-export.css?v=fbf73b4c3a05e7b27c0ed71177534234cb431fc7becc666773c1f652 HTTP/1.1" 304 0
INFO 2026-05-10 14:05:32,756 log 50716 2176 "GET /static/admin_interface/css/third-party/json-widget.css?v=fbf73b4c3a05e7b27c0ed71177534234cb431fc7becc666773c1f652 HTTP/1.1" 304 0
INFO 2026-05-10 14:05:32,759 log 50716 45192 "GET /static/admin_interface/css/third-party/modeltranslation.css?v=fbf73b4c3a05e7b27c0ed71177534234cb431fc7becc666773c1f652 HTTP/1.1" 304 0
INFO 2026-05-10 14:05:32,759 log 50716 2176 "GET /static/admin_interface/css/third-party/rangefilter.css?v=fbf73b4c3a05e7b27c0ed71177534234cb431fc7becc666773c1f652 HTTP/1.1" 304 0
INFO 2026-05-10 14:05:32,762 log 50716 45192 "GET /static/admin_interface/css/third-party/sorl-thumbnail.css?v=fbf73b4c3a05e7b27c0ed71177534234cb431fc7becc666773c1f652 HTTP/1.1" 304 0
INFO 2026-05-10 14:05:32,762 log 50716 2176 "GET /static/admin_interface/css/third-party/streamfield.css?v=fbf73b4c3a05e7b27c0ed71177534234cb431fc7becc666773c1f652 HTTP/1.1" 304 0
INFO 2026-05-10 14:05:32,765 log 50716 2176 "GET /static/admin_interface/foldable-apps/foldable-apps.css?v=fbf73b4c3a05e7b27c0ed71177534234cb431fc7becc666773c1f652 HTTP/1.1" 304 0
INFO 2026-05-10 14:05:32,765 log 50716 45192 "GET /static/admin_interface/css/third-party/tinymce.css?v=fbf73b4c3a05e7b27c0ed71177534234cb431fc7becc666773c1f652 HTTP/1.1" 304 0
INFO 2026-05-10 14:05:32,768 log 50716 45192 "GET /static/admin_interface/related-modal/related-modal.css?v=fbf73b4c3a05e7b27c0ed71177534234cb431fc7becc666773c1f652 HTTP/1.1" 304 0
INFO 2026-05-10 14:05:32,768 log 50716 2176 "GET /static/admin_interface/magnific-popup/magnific-popup.css?v=fbf73b4c3a05e7b27c0ed71177534234cb431fc7becc666773c1f652 HTTP/1.1" 304 0
INFO 2026-05-10 14:05:32,772 log 50716 45192 "GET /static/admin_interface/foldable-apps/foldable-apps.js?v=fbf73b4c3a05e7b27c0ed71177534234cb431fc7becc666773c1f652 HTTP/1.1" 304 0
INFO 2026-05-10 14:05:32,772 log 50716 2176 "GET /static/admin_interface/magnific-popup/jquery.magnific-popup.js?v=fbf73b4c3a05e7b27c0ed71177534234cb431fc7becc666773c1f652 HTTP/1.1" 304 0
INFO 2026-05-10 14:05:32,774 log 50716 45192 "GET /static/admin_interface/related-modal/related-modal.js?v=fbf73b4c3a05e7b27c0ed71177534234cb431fc7becc666773c1f652 HTTP/1.1" 304 0
INFO 2026-05-10 14:05:35,813 log 50716 45192 "GET /admin/admin_interface/theme/ HTTP/1.1" 200 33814
INFO 2026-05-10 14:05:35,971 log 50716 2176 "GET /admin/jsi18n/ HTTP/1.1" 200 3342
INFO 2026-05-10 14:05:36,230 log 50716 45192 "GET /static/admin/css/forms.css HTTP/1.1" 200 8831
INFO 2026-05-10 14:05:36,244 log 50716 45192 "GET /static/admin/css/widgets.css HTTP/1.1" 200 11811
INFO 2026-05-10 14:05:36,297 log 50716 45192 "GET /static/admin/img/tooltag-add.svg HTTP/1.1" 200 593
INFO 2026-05-10 14:05:39,125 log 50716 45192 "GET /admin/admin_interface/theme/1/change/ HTTP/1.1" 200 89917
INFO 2026-05-10 14:05:39,177 log 50716 47724 "GET /static/colorfield/colorfield.js HTTP/1.1" 200 480
INFO 2026-05-10 14:05:39,178 log 50716 45192 "GET /admin/jsi18n/ HTTP/1.1" 200 3342
INFO 2026-05-10 14:05:39,179 log 50716 2176 "GET /static/colorfield/coloris/coloris.css HTTP/1.1" 200 10368
INFO 2026-05-10 14:05:39,178 log 50716 29972 "GET /static/admin/js/prepopulate_init.js HTTP/1.1" 200 586
INFO 2026-05-10 14:05:39,181 log 50716 51708 "GET /static/colorfield/coloris/coloris.js HTTP/1.1" 200 39071
INFO 2026-05-10 14:05:39,188 log 50716 51708 "GET /static/admin/js/change_form.js HTTP/1.1" 200 606
INFO 2026-05-10 14:08:36,942 log 50716 51708 "POST /admin/admin_interface/theme/1/change/ HTTP/1.1" 302 0
INFO 2026-05-10 14:08:37,059 log 50716 51708 "GET /admin/admin_interface/theme/ HTTP/1.1" 200 34529
INFO 2026-05-10 14:08:37,154 log 50716 51708 "GET /static/admin_interface/css/admin-interface.css?v=fbf73b4c3a05e7b27c0ed71177534234cb431fc7becc666773c1f652 HTTP/1.1" 304 0
INFO 2026-05-10 14:08:37,156 log 50716 2176 "GET /static/admin_interface/css/change-form.css?v=fbf73b4c3a05e7b27c0ed71177534234cb431fc7becc666773c1f652 HTTP/1.1" 304 0
INFO 2026-05-10 14:08:37,155 log 50716 47724 "GET /static/admin_interface/css/file-upload.css?v=fbf73b4c3a05e7b27c0ed71177534234cb431fc7becc666773c1f652 HTTP/1.1" 304 0
INFO 2026-05-10 14:08:37,156 log 50716 45192 "GET /static/admin_interface/css/fieldsets.css?v=fbf73b4c3a05e7b27c0ed71177534234cb431fc7becc666773c1f652 HTTP/1.1" 304 0
INFO 2026-05-10 14:08:37,156 log 50716 29972 "GET /static/admin_interface/css/changelist.css?v=fbf73b4c3a05e7b27c0ed71177534234cb431fc7becc666773c1f652 HTTP/1.1" 304 0
INFO 2026-05-10 14:08:37,162 log 50716 51708 "GET /static/admin_interface/css/header.css?v=fbf73b4c3a05e7b27c0ed71177534234cb431fc7becc666773c1f652 HTTP/1.1" 304 0
INFO 2026-05-10 14:08:37,165 log 50716 47724 "GET /static/admin_interface/css/inlines.css?v=fbf73b4c3a05e7b27c0ed71177534234cb431fc7becc666773c1f652 HTTP/1.1" 304 0
INFO 2026-05-10 14:08:37,166 log 50716 2176 "GET /static/admin_interface/css/jquery.ui.tabs.css?v=fbf73b4c3a05e7b27c0ed71177534234cb431fc7becc666773c1f652 HTTP/1.1" 304 0
INFO 2026-05-10 14:08:37,166 log 50716 45192 "GET /static/admin_interface/css/language-chooser.css?v=fbf73b4c3a05e7b27c0ed71177534234cb431fc7becc666773c1f652 HTTP/1.1" 304 0
INFO 2026-05-10 14:08:37,170 log 50716 29972 "GET /static/admin_interface/css/list-filter.css?v=fbf73b4c3a05e7b27c0ed71177534234cb431fc7becc666773c1f652 HTTP/1.1" 304 0
INFO 2026-05-10 14:08:37,170 log 50716 51708 "GET /static/admin_interface/css/list-filter-dropdown.css?v=fbf73b4c3a05e7b27c0ed71177534234cb431fc7becc666773c1f652 HTTP/1.1" 304 0
INFO 2026-05-10 14:08:37,172 log 50716 47724 "GET /static/admin_interface/css/login.css?v=fbf73b4c3a05e7b27c0ed71177534234cb431fc7becc666773c1f652 HTTP/1.1" 304 0
INFO 2026-05-10 14:08:37,176 log 50716 2176 "GET /static/admin_interface/css/nav-sidebar.css?v=fbf73b4c3a05e7b27c0ed71177534234cb431fc7becc666773c1f652 HTTP/1.1" 304 0
INFO 2026-05-10 14:08:37,177 log 50716 45192 "GET /static/admin_interface/css/modules.css?v=fbf73b4c3a05e7b27c0ed71177534234cb431fc7becc666773c1f652 HTTP/1.1" 304 0
INFO 2026-05-10 14:08:37,178 log 50716 51708 "GET /static/admin_interface/css/object-tools.css?v=fbf73b4c3a05e7b27c0ed71177534234cb431fc7becc666773c1f652 HTTP/1.1" 304 0
INFO 2026-05-10 14:08:37,181 log 50716 47724 "GET /static/admin_interface/css/rtl.css?v=fbf73b4c3a05e7b27c0ed71177534234cb431fc7becc666773c1f652 HTTP/1.1" 304 0
INFO 2026-05-10 14:08:37,181 log 50716 29972 "GET /static/admin_interface/css/paginator.css?v=fbf73b4c3a05e7b27c0ed71177534234cb431fc7becc666773c1f652 HTTP/1.1" 304 0
INFO 2026-05-10 14:08:37,184 log 50716 2176 "GET /static/admin_interface/css/sticky-form-controls.css?v=fbf73b4c3a05e7b27c0ed71177534234cb431fc7becc666773c1f652 HTTP/1.1" 304 0
INFO 2026-05-10 14:08:37,185 log 50716 45192 "GET /static/admin_interface/css/tabbed-changeform.css?v=fbf73b4c3a05e7b27c0ed71177534234cb431fc7becc666773c1f652 HTTP/1.1" 304 0
INFO 2026-05-10 14:08:37,186 log 50716 51708 "GET /static/admin_interface/css/widgets.css?v=fbf73b4c3a05e7b27c0ed71177534234cb431fc7becc666773c1f652 HTTP/1.1" 304 0
INFO 2026-05-10 14:08:37,188 log 50716 47724 "GET /static/admin_interface/css/third-party/ckeditor.css?v=fbf73b4c3a05e7b27c0ed71177534234cb431fc7becc666773c1f652 HTTP/1.1" 304 0
INFO 2026-05-10 14:08:37,190 log 50716 29972 "GET /static/admin_interface/css/third-party/import-export.css?v=fbf73b4c3a05e7b27c0ed71177534234cb431fc7becc666773c1f652 HTTP/1.1" 304 0
INFO 2026-05-10 14:08:37,194 log 50716 2176 "GET /static/admin_interface/css/third-party/json-widget.css?v=fbf73b4c3a05e7b27c0ed71177534234cb431fc7becc666773c1f652 HTTP/1.1" 304 0
INFO 2026-05-10 14:08:37,194 log 50716 47724 "GET /static/admin_interface/css/third-party/sorl-thumbnail.css?v=fbf73b4c3a05e7b27c0ed71177534234cb431fc7becc666773c1f652 HTTP/1.1" 304 0
INFO 2026-05-10 14:08:37,196 log 50716 51708 "GET /static/admin_interface/css/third-party/rangefilter.css?v=fbf73b4c3a05e7b27c0ed71177534234cb431fc7becc666773c1f652 HTTP/1.1" 304 0
INFO 2026-05-10 14:08:37,197 log 50716 29972 "GET /static/admin_interface/css/third-party/streamfield.css?v=fbf73b4c3a05e7b27c0ed71177534234cb431fc7becc666773c1f652 HTTP/1.1" 304 0
INFO 2026-05-10 14:08:37,199 log 50716 45192 "GET /static/admin_interface/css/third-party/modeltranslation.css?v=fbf73b4c3a05e7b27c0ed71177534234cb431fc7becc666773c1f652 HTTP/1.1" 304 0
INFO 2026-05-10 14:08:37,200 log 50716 2176 "GET /static/admin_interface/css/third-party/tinymce.css?v=fbf73b4c3a05e7b27c0ed71177534234cb431fc7becc666773c1f652 HTTP/1.1" 304 0
INFO 2026-05-10 14:08:37,201 log 50716 47724 "GET /static/admin_interface/foldable-apps/foldable-apps.css?v=fbf73b4c3a05e7b27c0ed71177534234cb431fc7becc666773c1f652 HTTP/1.1" 304 0
INFO 2026-05-10 14:08:37,201 log 50716 51708 "GET /static/admin_interface/magnific-popup/magnific-popup.css?v=fbf73b4c3a05e7b27c0ed71177534234cb431fc7becc666773c1f652 HTTP/1.1" 304 0
INFO 2026-05-10 14:08:37,202 log 50716 29972 "GET /static/admin_interface/related-modal/related-modal.css?v=fbf73b4c3a05e7b27c0ed71177534234cb431fc7becc666773c1f652 HTTP/1.1" 304 0
INFO 2026-05-10 14:08:37,211 log 50716 29972 "GET /static/admin_interface/magnific-popup/jquery.magnific-popup.js?v=fbf73b4c3a05e7b27c0ed71177534234cb431fc7becc666773c1f652 HTTP/1.1" 304 0
INFO 2026-05-10 14:08:37,212 log 50716 51708 "GET /static/admin_interface/foldable-apps/foldable-apps.js?v=fbf73b4c3a05e7b27c0ed71177534234cb431fc7becc666773c1f652 HTTP/1.1" 304 0
INFO 2026-05-10 14:08:37,214 log 50716 2176 "GET /static/admin_interface/favico/favico-env.js?v=fbf73b4c3a05e7b27c0ed71177534234cb431fc7becc666773c1f652 HTTP/1.1" 200 538
INFO 2026-05-10 14:08:37,215 log 50716 29972 "GET /static/admin_interface/related-modal/related-modal.js?v=fbf73b4c3a05e7b27c0ed71177534234cb431fc7becc666773c1f652 HTTP/1.1" 304 0
INFO 2026-05-10 14:08:37,216 log 50716 45192 "GET /static/admin_interface/favico/favico-0.3.10-patched.min.js?v=fbf73b4c3a05e7b27c0ed71177534234cb431fc7becc666773c1f652 HTTP/1.1" 200 9303
WARNING 2026-05-10 14:08:37,238 log 50716 2176 Not Found: /media/admin-interface/logo/ufaa_logo_2.png
WARNING 2026-05-10 14:08:37,239 log 50716 2176 "GET /media/admin-interface/logo/ufaa_logo_2.png HTTP/1.1" 404 3405
INFO 2026-05-10 14:08:37,274 log 50716 47724 "GET /admin/jsi18n/ HTTP/1.1" 200 3342
INFO 2026-05-10 14:08:37,297 log 50716 47724 "GET /static/admin/img/icon-yes.svg HTTP/1.1" 200 558
WARNING 2026-05-10 14:08:37,317 log 50716 47724 Not Found: /media/admin-interface/favicon/court_of_arms.png
WARNING 2026-05-10 14:08:37,318 log 50716 47724 "GET /media/admin-interface/favicon/court_of_arms.png HTTP/1.1" 404 3420
WARNING 2026-05-10 14:08:37,344 log 50716 47724 Not Found: /media/admin-interface/favicon/court_of_arms.png
WARNING 2026-05-10 14:08:37,345 log 50716 47724 "GET /media/admin-interface/favicon/court_of_arms.png HTTP/1.1" 404 3420
INFO 2026-05-10 14:08:46,084 log 50716 47724 "POST /admin/logout/ HTTP/1.1" 302 0
INFO 2026-05-10 14:08:46,095 log 50716 47724 "GET / HTTP/1.1" 200 32400
INFO 2026-05-10 14:08:47,888 log 50716 47724 "GET /admin/ HTTP/1.1" 302 0
INFO 2026-05-10 14:08:47,922 log 50716 47724 "GET /admin/login/?next=/admin/ HTTP/1.1" 200 17086
WARNING 2026-05-10 14:08:48,059 log 50716 47724 Not Found: /media/admin-interface/logo/ufaa_logo_2.png
WARNING 2026-05-10 14:08:48,071 log 50716 2176 Not Found: /media/admin-interface/favicon/court_of_arms.png
WARNING 2026-05-10 14:08:48,072 log 50716 47724 "GET /media/admin-interface/logo/ufaa_logo_2.png HTTP/1.1" 404 3405
WARNING 2026-05-10 14:08:48,072 log 50716 2176 "GET /media/admin-interface/favicon/court_of_arms.png HTTP/1.1" 404 3420
INFO 2026-05-10 14:10:01,814 autoreload 34128 48832 D:\Documents\UFAA\code\ufaa_prod_backend\ufaamobilebackend\ufaamobilebackend\urls.py changed, reloading.
INFO 2026-05-10 14:10:02,188 autoreload 50716 54376 D:\Documents\UFAA\code\ufaa_prod_backend\ufaamobilebackend\ufaamobilebackend\urls.py changed, reloading.
INFO 2026-05-10 14:10:04,625 autoreload 15584 49196 Watching for file changes with StatReloader
INFO 2026-05-10 14:10:04,625 autoreload 20604 52876 Watching for file changes with StatReloader
INFO 2026-05-10 14:10:53,470 autoreload 15584 49196 D:\Documents\UFAA\code\ufaa_prod_backend\ufaamobilebackend\ufaamobilebackend\urls.py changed, reloading.
INFO 2026-05-10 14:10:53,481 autoreload 20604 52876 D:\Documents\UFAA\code\ufaa_prod_backend\ufaamobilebackend\ufaamobilebackend\urls.py changed, reloading.
INFO 2026-05-10 14:10:54,463 autoreload 53668 43616 Watching for file changes with StatReloader
INFO 2026-05-10 14:10:54,473 autoreload 44480 47488 Watching for file changes with StatReloader
INFO 2026-05-10 14:11:02,372 log 44480 42216 "GET /admin/login/?next=/admin/ HTTP/1.1" 200 17086
INFO 2026-05-10 14:11:02,830 log 44480 42216 "GET /media/admin-interface/logo/ufaa_logo_2.png HTTP/1.1" 200 88872
INFO 2026-05-10 14:11:02,854 log 44480 2584 "GET /media/admin-interface/favicon/court_of_arms.png HTTP/1.1" 200 476146
INFO 2026-05-10 14:11:22,297 log 44480 2584 "POST /admin/login/?next=/admin/ HTTP/1.1" 302 0
INFO 2026-05-10 14:11:22,419 log 44480 2584 "GET /admin/ HTTP/1.1" 200 34383
INFO 2026-05-10 14:11:22,517 log 44480 2584 "GET /media/admin-interface/logo/ufaa_logo_2.png HTTP/1.1" 304 0
INFO 2026-05-10 14:11:22,570 log 44480 2584 "GET /media/admin-interface/favicon/court_of_arms.png HTTP/1.1" 304 0
INFO 2026-05-10 14:11:25,319 log 44480 2584 "GET /admin/admin_interface/theme/ HTTP/1.1" 200 34290
INFO 2026-05-10 14:11:25,409 log 44480 2584 "GET /admin/jsi18n/ HTTP/1.1" 200 3342
INFO 2026-05-10 14:11:29,885 log 44480 2584 "GET /admin/admin_interface/theme/1/change/ HTTP/1.1" 200 91069
INFO 2026-05-10 14:11:29,986 log 44480 42216 "GET /static/colorfield/coloris/coloris.css HTTP/1.1" 304 0
INFO 2026-05-10 14:11:29,988 log 44480 6692 "GET /static/colorfield/coloris/coloris.js HTTP/1.1" 304 0
INFO 2026-05-10 14:11:29,990 log 44480 42216 "GET /static/colorfield/colorfield.js HTTP/1.1" 304 0
INFO 2026-05-10 14:11:29,991 log 44480 2584 "GET /admin/jsi18n/ HTTP/1.1" 200 3342
INFO 2026-05-10 14:11:55,264 log 44480 2584 "POST /admin/admin_interface/theme/1/change/ HTTP/1.1" 302 0
INFO 2026-05-10 14:11:55,330 log 44480 2584 "GET /admin/admin_interface/theme/ HTTP/1.1" 200 34529
INFO 2026-05-10 14:11:55,420 log 44480 2584 "GET /static/admin_interface/css/admin-interface.css?v=fbf73b4c3a05e7b27c0ed71177534234cb431fc7becc666773c1f652 HTTP/1.1" 304 0
INFO 2026-05-10 14:11:55,421 log 44480 21620 "GET /static/admin_interface/css/fieldsets.css?v=fbf73b4c3a05e7b27c0ed71177534234cb431fc7becc666773c1f652 HTTP/1.1" 304 0
INFO 2026-05-10 14:11:55,422 log 44480 6692 "GET /static/admin_interface/css/change-form.css?v=fbf73b4c3a05e7b27c0ed71177534234cb431fc7becc666773c1f652 HTTP/1.1" 304 0
INFO 2026-05-10 14:11:55,423 log 44480 42216 "GET /static/admin_interface/css/changelist.css?v=fbf73b4c3a05e7b27c0ed71177534234cb431fc7becc666773c1f652 HTTP/1.1" 304 0
INFO 2026-05-10 14:11:55,429 log 44480 2584 "GET /static/admin_interface/css/file-upload.css?v=fbf73b4c3a05e7b27c0ed71177534234cb431fc7becc666773c1f652 HTTP/1.1" 304 0
INFO 2026-05-10 14:11:55,430 log 44480 21620 "GET /static/admin_interface/css/inlines.css?v=fbf73b4c3a05e7b27c0ed71177534234cb431fc7becc666773c1f652 HTTP/1.1" 304 0
INFO 2026-05-10 14:11:55,431 log 44480 6692 "GET /static/admin_interface/css/header.css?v=fbf73b4c3a05e7b27c0ed71177534234cb431fc7becc666773c1f652 HTTP/1.1" 304 0
INFO 2026-05-10 14:11:55,433 log 44480 42216 "GET /static/admin_interface/css/jquery.ui.tabs.css?v=fbf73b4c3a05e7b27c0ed71177534234cb431fc7becc666773c1f652 HTTP/1.1" 304 0
INFO 2026-05-10 14:11:55,437 log 44480 2584 "GET /static/admin_interface/css/language-chooser.css?v=fbf73b4c3a05e7b27c0ed71177534234cb431fc7becc666773c1f652 HTTP/1.1" 304 0
INFO 2026-05-10 14:11:55,441 log 44480 21620 "GET /static/admin_interface/css/list-filter.css?v=fbf73b4c3a05e7b27c0ed71177534234cb431fc7becc666773c1f652 HTTP/1.1" 304 0
INFO 2026-05-10 14:11:55,443 log 44480 6692 "GET /static/admin_interface/css/list-filter-dropdown.css?v=fbf73b4c3a05e7b27c0ed71177534234cb431fc7becc666773c1f652 HTTP/1.1" 304 0
INFO 2026-05-10 14:11:55,445 log 44480 42216 "GET /static/admin_interface/css/login.css?v=fbf73b4c3a05e7b27c0ed71177534234cb431fc7becc666773c1f652 HTTP/1.1" 304 0
INFO 2026-05-10 14:11:55,446 log 44480 2584 "GET /static/admin_interface/css/modules.css?v=fbf73b4c3a05e7b27c0ed71177534234cb431fc7becc666773c1f652 HTTP/1.1" 304 0
INFO 2026-05-10 14:11:55,448 log 44480 21620 "GET /static/admin_interface/css/nav-sidebar.css?v=fbf73b4c3a05e7b27c0ed71177534234cb431fc7becc666773c1f652 HTTP/1.1" 304 0
INFO 2026-05-10 14:11:55,456 log 44480 6692 "GET /static/admin_interface/css/paginator.css?v=fbf73b4c3a05e7b27c0ed71177534234cb431fc7becc666773c1f652 HTTP/1.1" 304 0
INFO 2026-05-10 14:11:55,458 log 44480 42216 "GET /static/admin_interface/css/object-tools.css?v=fbf73b4c3a05e7b27c0ed71177534234cb431fc7becc666773c1f652 HTTP/1.1" 304 0
INFO 2026-05-10 14:11:55,460 log 44480 2584 "GET /static/admin_interface/css/rtl.css?v=fbf73b4c3a05e7b27c0ed71177534234cb431fc7becc666773c1f652 HTTP/1.1" 304 0
INFO 2026-05-10 14:11:55,461 log 44480 21620 "GET /static/admin_interface/css/sticky-form-controls.css?v=fbf73b4c3a05e7b27c0ed71177534234cb431fc7becc666773c1f652 HTTP/1.1" 304 0
INFO 2026-05-10 14:11:55,463 log 44480 6692 "GET /static/admin_interface/css/tabbed-changeform.css?v=fbf73b4c3a05e7b27c0ed71177534234cb431fc7becc666773c1f652 HTTP/1.1" 304 0
INFO 2026-05-10 14:11:55,469 log 44480 42216 "GET /static/admin_interface/css/widgets.css?v=fbf73b4c3a05e7b27c0ed71177534234cb431fc7becc666773c1f652 HTTP/1.1" 304 0
INFO 2026-05-10 14:11:55,472 log 44480 2584 "GET /static/admin_interface/css/third-party/ckeditor.css?v=fbf73b4c3a05e7b27c0ed71177534234cb431fc7becc666773c1f652 HTTP/1.1" 304 0
INFO 2026-05-10 14:11:55,472 log 44480 21620 "GET /static/admin_interface/css/third-party/import-export.css?v=fbf73b4c3a05e7b27c0ed71177534234cb431fc7becc666773c1f652 HTTP/1.1" 304 0
INFO 2026-05-10 14:11:55,475 log 44480 6692 "GET /static/admin_interface/css/third-party/json-widget.css?v=fbf73b4c3a05e7b27c0ed71177534234cb431fc7becc666773c1f652 HTTP/1.1" 304 0
INFO 2026-05-10 14:11:55,478 log 44480 2584 "GET /static/admin_interface/css/third-party/rangefilter.css?v=fbf73b4c3a05e7b27c0ed71177534234cb431fc7becc666773c1f652 HTTP/1.1" 304 0
INFO 2026-05-10 14:11:55,478 log 44480 21620 "GET /static/admin_interface/css/third-party/sorl-thumbnail.css?v=fbf73b4c3a05e7b27c0ed71177534234cb431fc7becc666773c1f652 HTTP/1.1" 304 0
INFO 2026-05-10 14:11:55,479 log 44480 42216 "GET /static/admin_interface/css/third-party/modeltranslation.css?v=fbf73b4c3a05e7b27c0ed71177534234cb431fc7becc666773c1f652 HTTP/1.1" 304 0
INFO 2026-05-10 14:11:55,481 log 44480 6692 "GET /static/admin_interface/css/third-party/streamfield.css?v=fbf73b4c3a05e7b27c0ed71177534234cb431fc7becc666773c1f652 HTTP/1.1" 304 0
INFO 2026-05-10 14:11:55,489 log 44480 2584 "GET /static/admin_interface/css/third-party/tinymce.css?v=fbf73b4c3a05e7b27c0ed71177534234cb431fc7becc666773c1f652 HTTP/1.1" 304 0
INFO 2026-05-10 14:11:55,493 log 44480 42216 "GET /static/admin_interface/magnific-popup/magnific-popup.css?v=fbf73b4c3a05e7b27c0ed71177534234cb431fc7becc666773c1f652 HTTP/1.1" 304 0
INFO 2026-05-10 14:11:55,493 log 44480 21620 "GET /static/admin_interface/foldable-apps/foldable-apps.css?v=fbf73b4c3a05e7b27c0ed71177534234cb431fc7becc666773c1f652 HTTP/1.1" 304 0
INFO 2026-05-10 14:11:55,495 log 44480 6692 "GET /static/admin_interface/related-modal/related-modal.css?v=fbf73b4c3a05e7b27c0ed71177534234cb431fc7becc666773c1f652 HTTP/1.1" 304 0
INFO 2026-05-10 14:11:55,505 log 44480 42216 "GET /static/admin_interface/favico/favico-0.3.10-patched.min.js?v=fbf73b4c3a05e7b27c0ed71177534234cb431fc7becc666773c1f652 HTTP/1.1" 304 0
INFO 2026-05-10 14:11:55,506 log 44480 6692 "GET /static/admin_interface/foldable-apps/foldable-apps.js?v=fbf73b4c3a05e7b27c0ed71177534234cb431fc7becc666773c1f652 HTTP/1.1" 304 0
INFO 2026-05-10 14:11:55,507 log 44480 2584 "GET /admin/jsi18n/ HTTP/1.1" 200 3342
INFO 2026-05-10 14:11:55,508 log 44480 21620 "GET /static/admin_interface/favico/favico-env.js?v=fbf73b4c3a05e7b27c0ed71177534234cb431fc7becc666773c1f652 HTTP/1.1" 304 0
INFO 2026-05-10 14:11:55,510 log 44480 42216 "GET /static/admin_interface/magnific-popup/jquery.magnific-popup.js?v=fbf73b4c3a05e7b27c0ed71177534234cb431fc7becc666773c1f652 HTTP/1.1" 304 0
INFO 2026-05-10 14:11:55,515 log 44480 21620 "GET /static/admin_interface/related-modal/related-modal.js?v=fbf73b4c3a05e7b27c0ed71177534234cb431fc7becc666773c1f652 HTTP/1.1" 304 0
INFO 2026-05-10 14:11:55,516 log 44480 42216 "GET /media/admin-interface/logo/ufaa_logo_2.png HTTP/1.1" 304 0
INFO 2026-05-10 14:11:55,554 log 44480 42216 "GET /media/admin-interface/favicon/court_of_arms.png HTTP/1.1" 304 0
INFO 2026-05-10 14:11:57,627 log 44480 42216 "POST /admin/logout/ HTTP/1.1" 302 0
INFO 2026-05-10 14:11:57,658 log 44480 42216 "GET / HTTP/1.1" 200 32400
INFO 2026-05-10 14:11:59,456 log 44480 42216 "GET /admin/ HTTP/1.1" 302 0
INFO 2026-05-10 14:11:59,481 log 44480 42216 "GET /admin/login/?next=/admin/ HTTP/1.1" 200 17086
INFO 2026-05-10 14:12:30,024 log 44480 42216 "POST /admin/login/?next=/admin/ HTTP/1.1" 302 0
INFO 2026-05-10 14:12:30,110 log 44480 42216 "GET /admin/ HTTP/1.1" 200 34771
INFO 2026-05-10 14:12:30,174 log 44480 42216 "GET /media/admin-interface/logo/ufaa_logo_2.png HTTP/1.1" 304 0
INFO 2026-05-10 14:12:30,185 log 44480 42216 "GET /media/admin-interface/favicon/court_of_arms.png HTTP/1.1" 304 0
INFO 2026-05-10 14:12:49,020 log 44480 42216 "GET /admin/ HTTP/1.1" 200 34771
INFO 2026-05-10 14:13:58,231 autoreload 53668 43616 D:\Documents\UFAA\code\ufaa_prod_backend\ufaamobilebackend\ufaamobilebackend\urls.py changed, reloading.
INFO 2026-05-10 14:13:58,749 autoreload 44480 47488 D:\Documents\UFAA\code\ufaa_prod_backend\ufaamobilebackend\ufaamobilebackend\urls.py changed, reloading.
INFO 2026-05-10 14:13:59,731 autoreload 33632 19476 Watching for file changes with StatReloader
INFO 2026-05-10 14:13:59,802 autoreload 18772 31980 Watching for file changes with StatReloader
WARNING 2026-05-10 14:14:06,658 log 33632 10284 Not Found: /api/live/
WARNING 2026-05-10 14:14:06,660 log 33632 10284 "GET /api/live/ HTTP/1.1" 404 4618
WARNING 2026-05-10 14:14:17,334 log 33632 10284 Method Not Allowed: /api/live/search/assets/
WARNING 2026-05-10 14:14:17,335 log 33632 10284 "GET /api/live/search/assets/ HTTP/1.1" 405 40
INFO 2026-05-10 14:14:22,844 log 33632 10284 "GET /admin/ HTTP/1.1" 200 34771
INFO 2026-05-10 14:14:22,995 log 33632 10284 "GET /media/admin-interface/logo/ufaa_logo_2.png HTTP/1.1" 304 0
INFO 2026-05-10 14:14:23,017 log 33632 10284 "GET /media/admin-interface/favicon/court_of_arms.png HTTP/1.1" 304 0
INFO 2026-05-10 14:15:20,063 log 33632 10284 "GET /admin/assets/asset/ HTTP/1.1" 200 36033
INFO 2026-05-10 14:15:20,164 log 33632 10284 "GET /admin/jsi18n/ HTTP/1.1" 200 3342
INFO 2026-05-10 14:15:20,184 log 33632 10284 "GET /media/admin-interface/logo/ufaa_logo_2.png HTTP/1.1" 304 0
INFO 2026-05-10 14:15:20,186 log 33632 10284 "GET /static/admin_interface/dropdown-filter/dropdown-filter.js?v=fbf73b4c3a05e7b27c0ed71177534234cb431fc7becc666773c1f652 HTTP/1.1" 304 0
INFO 2026-05-10 14:15:20,237 log 33632 10284 "GET /media/admin-interface/favicon/court_of_arms.png HTTP/1.1" 304 0
INFO 2026-05-10 14:15:21,962 log 33632 10284 "GET /admin/assets/asset/add/ HTTP/1.1" 200 66673
INFO 2026-05-10 14:15:22,055 log 33632 10284 "GET /admin/jsi18n/ HTTP/1.1" 200 3342
INFO 2026-05-10 14:15:22,400 log 33632 40436 "GET /static/admin/js/calendar.js HTTP/1.1" 200 9159
INFO 2026-05-10 14:15:22,406 log 33632 10284 "GET /static/admin/js/admin/DateTimeShortcuts.js HTTP/1.1" 200 19698
INFO 2026-05-10 14:15:22,426 log 33632 10284 "GET /static/admin/img/icon-deletelink.svg HTTP/1.1" 200 689
INFO 2026-05-10 14:15:22,564 log 33632 10284 "GET /static/admin/img/icon-calendar.svg HTTP/1.1" 200 1112
WARNING 2026-05-10 14:16:35,594 log 33632 44692 Unauthorized: /api/live/search/assets/
WARNING 2026-05-10 14:16:35,596 log 33632 44692 "GET /api/live/search/assets/ HTTP/1.1" 401 58
INFO 2026-05-10 14:16:58,061 log 33632 10284 "GET /admin/accounts/user/ HTTP/1.1" 200 39181
INFO 2026-05-10 14:16:58,131 log 33632 10284 "GET /static/admin_interface/css/admin-interface.css?v=fbf73b4c3a05e7b27c0ed71177534234cb431fc7becc666773c1f652 HTTP/1.1" 304 0
INFO 2026-05-10 14:16:58,131 log 33632 40436 "GET /static/admin_interface/css/changelist.css?v=fbf73b4c3a05e7b27c0ed71177534234cb431fc7becc666773c1f652 HTTP/1.1" 304 0
INFO 2026-05-10 14:16:58,138 log 33632 10284 "GET /static/admin_interface/css/change-form.css?v=fbf73b4c3a05e7b27c0ed71177534234cb431fc7becc666773c1f652 HTTP/1.1" 304 0
INFO 2026-05-10 14:16:58,140 log 33632 40436 "GET /static/admin_interface/css/fieldsets.css?v=fbf73b4c3a05e7b27c0ed71177534234cb431fc7becc666773c1f652 HTTP/1.1" 304 0
INFO 2026-05-10 14:16:58,143 log 33632 10284 "GET /static/admin_interface/css/file-upload.css?v=fbf73b4c3a05e7b27c0ed71177534234cb431fc7becc666773c1f652 HTTP/1.1" 304 0
INFO 2026-05-10 14:16:58,145 log 33632 40436 "GET /static/admin_interface/css/header.css?v=fbf73b4c3a05e7b27c0ed71177534234cb431fc7becc666773c1f652 HTTP/1.1" 304 0
INFO 2026-05-10 14:16:58,151 log 33632 10284 "GET /static/admin_interface/css/inlines.css?v=fbf73b4c3a05e7b27c0ed71177534234cb431fc7becc666773c1f652 HTTP/1.1" 304 0
INFO 2026-05-10 14:16:58,152 log 33632 40436 "GET /static/admin_interface/css/jquery.ui.tabs.css?v=fbf73b4c3a05e7b27c0ed71177534234cb431fc7becc666773c1f652 HTTP/1.1" 304 0
INFO 2026-05-10 14:16:58,155 log 33632 10284 "GET /static/admin_interface/css/language-chooser.css?v=fbf73b4c3a05e7b27c0ed71177534234cb431fc7becc666773c1f652 HTTP/1.1" 304 0
INFO 2026-05-10 14:16:58,155 log 33632 40436 "GET /static/admin_interface/css/list-filter.css?v=fbf73b4c3a05e7b27c0ed71177534234cb431fc7becc666773c1f652 HTTP/1.1" 304 0
INFO 2026-05-10 14:16:58,158 log 33632 40436 "GET /static/admin_interface/css/login.css?v=fbf73b4c3a05e7b27c0ed71177534234cb431fc7becc666773c1f652 HTTP/1.1" 304 0
INFO 2026-05-10 14:16:58,158 log 33632 10284 "GET /static/admin_interface/css/list-filter-dropdown.css?v=fbf73b4c3a05e7b27c0ed71177534234cb431fc7becc666773c1f652 HTTP/1.1" 304 0
INFO 2026-05-10 14:16:58,161 log 33632 40436 "GET /static/admin_interface/css/modules.css?v=fbf73b4c3a05e7b27c0ed71177534234cb431fc7becc666773c1f652 HTTP/1.1" 304 0
INFO 2026-05-10 14:16:58,162 log 33632 10284 "GET /static/admin_interface/css/nav-sidebar.css?v=fbf73b4c3a05e7b27c0ed71177534234cb431fc7becc666773c1f652 HTTP/1.1" 304 0
INFO 2026-05-10 14:16:58,164 log 33632 40436 "GET /static/admin_interface/css/paginator.css?v=fbf73b4c3a05e7b27c0ed71177534234cb431fc7becc666773c1f652 HTTP/1.1" 304 0
INFO 2026-05-10 14:16:58,165 log 33632 10284 "GET /static/admin_interface/css/object-tools.css?v=fbf73b4c3a05e7b27c0ed71177534234cb431fc7becc666773c1f652 HTTP/1.1" 304 0
INFO 2026-05-10 14:16:58,167 log 33632 40436 "GET /static/admin_interface/css/rtl.css?v=fbf73b4c3a05e7b27c0ed71177534234cb431fc7becc666773c1f652 HTTP/1.1" 304 0
INFO 2026-05-10 14:16:58,168 log 33632 10284 "GET /static/admin_interface/css/sticky-form-controls.css?v=fbf73b4c3a05e7b27c0ed71177534234cb431fc7becc666773c1f652 HTTP/1.1" 304 0
INFO 2026-05-10 14:16:58,170 log 33632 40436 "GET /static/admin_interface/css/tabbed-changeform.css?v=fbf73b4c3a05e7b27c0ed71177534234cb431fc7becc666773c1f652 HTTP/1.1" 304 0
INFO 2026-05-10 14:16:58,171 log 33632 10284 "GET /static/admin_interface/css/widgets.css?v=fbf73b4c3a05e7b27c0ed71177534234cb431fc7becc666773c1f652 HTTP/1.1" 304 0
INFO 2026-05-10 14:16:58,173 log 33632 40436 "GET /static/admin_interface/css/third-party/ckeditor.css?v=fbf73b4c3a05e7b27c0ed71177534234cb431fc7becc666773c1f652 HTTP/1.1" 304 0
INFO 2026-05-10 14:16:58,174 log 33632 10284 "GET /static/admin_interface/css/third-party/import-export.css?v=fbf73b4c3a05e7b27c0ed71177534234cb431fc7becc666773c1f652 HTTP/1.1" 304 0
INFO 2026-05-10 14:16:58,176 log 33632 40436 "GET /static/admin_interface/css/third-party/json-widget.css?v=fbf73b4c3a05e7b27c0ed71177534234cb431fc7becc666773c1f652 HTTP/1.1" 304 0
INFO 2026-05-10 14:16:58,178 log 33632 10284 "GET /static/admin_interface/css/third-party/modeltranslation.css?v=fbf73b4c3a05e7b27c0ed71177534234cb431fc7becc666773c1f652 HTTP/1.1" 304 0
INFO 2026-05-10 14:16:58,180 log 33632 40436 "GET /static/admin_interface/css/third-party/rangefilter.css?v=fbf73b4c3a05e7b27c0ed71177534234cb431fc7becc666773c1f652 HTTP/1.1" 304 0
INFO 2026-05-10 14:16:58,180 log 33632 10284 "GET /static/admin_interface/css/third-party/sorl-thumbnail.css?v=fbf73b4c3a05e7b27c0ed71177534234cb431fc7becc666773c1f652 HTTP/1.1" 304 0
INFO 2026-05-10 14:16:58,183 log 33632 40436 "GET /static/admin_interface/css/third-party/streamfield.css?v=fbf73b4c3a05e7b27c0ed71177534234cb431fc7becc666773c1f652 HTTP/1.1" 304 0
INFO 2026-05-10 14:16:58,184 log 33632 10284 "GET /static/admin_interface/css/third-party/tinymce.css?v=fbf73b4c3a05e7b27c0ed71177534234cb431fc7becc666773c1f652 HTTP/1.1" 304 0
INFO 2026-05-10 14:16:58,186 log 33632 40436 "GET /static/admin_interface/foldable-apps/foldable-apps.css?v=fbf73b4c3a05e7b27c0ed71177534234cb431fc7becc666773c1f652 HTTP/1.1" 304 0
INFO 2026-05-10 14:16:58,187 log 33632 10284 "GET /static/admin_interface/magnific-popup/magnific-popup.css?v=fbf73b4c3a05e7b27c0ed71177534234cb431fc7becc666773c1f652 HTTP/1.1" 304 0
INFO 2026-05-10 14:16:58,190 log 33632 40436 "GET /static/admin_interface/related-modal/related-modal.css?v=fbf73b4c3a05e7b27c0ed71177534234cb431fc7becc666773c1f652 HTTP/1.1" 304 0
INFO 2026-05-10 14:16:58,193 log 33632 40436 "GET /static/admin_interface/favico/favico-0.3.10-patched.min.js?v=fbf73b4c3a05e7b27c0ed71177534234cb431fc7becc666773c1f652 HTTP/1.1" 304 0
INFO 2026-05-10 14:16:58,197 log 33632 40436 "GET /static/admin_interface/favico/favico-env.js?v=fbf73b4c3a05e7b27c0ed71177534234cb431fc7becc666773c1f652 HTTP/1.1" 304 0
INFO 2026-05-10 14:16:58,197 log 33632 10284 "GET /admin/jsi18n/ HTTP/1.1" 200 3342
INFO 2026-05-10 14:16:58,199 log 33632 40436 "GET /static/admin_interface/foldable-apps/foldable-apps.js?v=fbf73b4c3a05e7b27c0ed71177534234cb431fc7becc666773c1f652 HTTP/1.1" 304 0
INFO 2026-05-10 14:16:58,200 log 33632 40436 "GET /static/admin_interface/magnific-popup/jquery.magnific-popup.js?v=fbf73b4c3a05e7b27c0ed71177534234cb431fc7becc666773c1f652 HTTP/1.1" 304 0
INFO 2026-05-10 14:16:58,202 log 33632 40436 "GET /static/admin_interface/related-modal/related-modal.js?v=fbf73b4c3a05e7b27c0ed71177534234cb431fc7becc666773c1f652 HTTP/1.1" 304 0
INFO 2026-05-10 14:16:58,204 log 33632 40436 "GET /media/admin-interface/logo/ufaa_logo_2.png HTTP/1.1" 304 0
INFO 2026-05-10 14:16:58,222 log 33632 40436 "GET /static/admin/img/icon-no.svg HTTP/1.1" 200 645
INFO 2026-05-10 14:16:58,230 log 33632 40436 "GET /static/admin/img/sorting-icons.svg HTTP/1.1" 200 1761
INFO 2026-05-10 14:16:58,245 log 33632 40436 "GET /media/admin-interface/favicon/court_of_arms.png HTTP/1.1" 304 0
INFO 2026-05-10 14:17:15,419 log 33632 40436 "GET /admin/django_celery_results/taskresult/ HTTP/1.1" 200 36007
INFO 2026-05-10 14:17:15,527 log 33632 40436 "GET /admin/jsi18n/ HTTP/1.1" 200 3342
INFO 2026-05-10 14:17:17,639 log 33632 40436 "GET /admin/django_celery_results/taskresult/add/ HTTP/1.1" 200 44045
INFO 2026-05-10 14:17:17,700 log 33632 40436 "GET /admin/jsi18n/ HTTP/1.1" 200 3342
INFO 2026-05-10 14:17:38,189 log 33632 40436 "GET /admin/accounts/passwordresettoken/ HTTP/1.1" 200 35788
INFO 2026-05-10 14:17:38,296 log 33632 40436 "GET /admin/jsi18n/ HTTP/1.1" 200 3342
INFO 2026-05-10 14:17:41,330 log 33632 40436 "GET /admin/accounts/loginattempt/ HTTP/1.1" 200 34650
INFO 2026-05-10 14:17:41,387 log 33632 40436 "GET /admin/jsi18n/ HTTP/1.1" 200 3342
INFO 2026-05-10 14:17:44,595 log 33632 40436 "GET /admin/accounts/staffprofile/ HTTP/1.1" 200 35522
INFO 2026-05-10 14:17:44,651 log 33632 40436 "GET /admin/jsi18n/ HTTP/1.1" 200 3342
INFO 2026-05-10 14:17:46,637 log 33632 40436 "GET /admin/accounts/user/ HTTP/1.1" 200 39181
INFO 2026-05-10 14:17:46,740 log 33632 40436 "GET /admin/jsi18n/ HTTP/1.1" 200 3342
INFO 2026-05-10 14:19:05,915 log 33632 40436 "GET /admin/accounts/staffprofile/ HTTP/1.1" 200 35522
INFO 2026-05-10 14:19:06,027 log 33632 40436 "GET /admin/jsi18n/ HTTP/1.1" 200 3342
INFO 2026-05-10 14:19:06,049 log 33632 40436 "GET /media/admin-interface/logo/ufaa_logo_2.png HTTP/1.1" 304 0
INFO 2026-05-10 14:19:06,082 log 33632 40436 "GET /media/admin-interface/favicon/court_of_arms.png HTTP/1.1" 304 0
INFO 2026-05-10 14:19:09,323 log 33632 40436 "GET /admin/accounts/staffprofile/add/ HTTP/1.1" 200 39423
INFO 2026-05-10 14:19:09,389 log 33632 40436 "GET /admin/jsi18n/ HTTP/1.1" 200 3342
INFO 2026-05-10 14:19:11,787 log 33632 40436 "GET /admin/accounts/user/?_to_field=id&_popup=1 HTTP/1.1" 200 24518
INFO 2026-05-10 14:20:24,439 autoreload 33632 19476 D:\Documents\UFAA\code\ufaa_prod_backend\ufaamobilebackend\ufaamobilebackend\settings.py changed, reloading.
INFO 2026-05-10 14:20:25,231 autoreload 18772 31980 D:\Documents\UFAA\code\ufaa_prod_backend\ufaamobilebackend\ufaamobilebackend\settings.py changed, reloading.
INFO 2026-05-10 14:20:26,229 autoreload 35328 53772 Watching for file changes with StatReloader
INFO 2026-05-10 14:20:26,637 autoreload 42468 17236 Watching for file changes with StatReloader
INFO 2026-05-10 14:20:32,833 log 35328 21832 "GET /admin/accounts/user/?_to_field=id&_popup=1 HTTP/1.1" 200 24518
INFO 2026-05-10 14:23:06,179 autoreload 35328 53772 D:\Documents\UFAA\code\ufaa_prod_backend\ufaamobilebackend\ufaamobilebackend\settings.py changed, reloading.
INFO 2026-05-10 14:23:06,552 autoreload 42468 17236 D:\Documents\UFAA\code\ufaa_prod_backend\ufaamobilebackend\ufaamobilebackend\settings.py changed, reloading.
INFO 2026-05-10 14:23:07,670 autoreload 54440 7880 Watching for file changes with StatReloader
INFO 2026-05-10 14:23:07,765 autoreload 28108 52248 Watching for file changes with StatReloader
INFO 2026-05-10 14:23:50,226 autoreload 54324 53512 Watching for file changes with StatReloader
INFO 2026-05-10 14:23:57,202 log 54440 47736 "GET /admin/accounts/user/?_to_field=id&_popup=1 HTTP/1.1" 200 24518
INFO 2026-05-10 14:24:01,871 log 54440 47736 "POST /admin/logout/ HTTP/1.1" 302 0
INFO 2026-05-10 14:24:01,893 log 54440 47736 "GET / HTTP/1.1" 200 32400
INFO 2026-05-10 14:24:03,190 log 54440 47736 "GET /admin/ HTTP/1.1" 302 0
INFO 2026-05-10 14:24:03,272 log 54440 47736 "GET /admin/login/?next=/admin/ HTTP/1.1" 200 17086
INFO 2026-05-10 14:24:03,371 log 54440 38916 "GET /static/admin_interface/css/changelist.css?v=fbf73b4c3a05e7b27c0ed71177534234cb431fc7becc666773c1f652 HTTP/1.1" 304 0
INFO 2026-05-10 14:24:03,371 log 54440 47736 "GET /static/admin_interface/css/admin-interface.css?v=fbf73b4c3a05e7b27c0ed71177534234cb431fc7becc666773c1f652 HTTP/1.1" 304 0
INFO 2026-05-10 14:24:03,374 log 54440 38916 "GET /static/admin_interface/css/change-form.css?v=fbf73b4c3a05e7b27c0ed71177534234cb431fc7becc666773c1f652 HTTP/1.1" 304 0
INFO 2026-05-10 14:24:03,374 log 54440 47736 "GET /static/admin_interface/css/fieldsets.css?v=fbf73b4c3a05e7b27c0ed71177534234cb431fc7becc666773c1f652 HTTP/1.1" 304 0
INFO 2026-05-10 14:24:03,377 log 54440 38916 "GET /static/admin_interface/css/file-upload.css?v=fbf73b4c3a05e7b27c0ed71177534234cb431fc7becc666773c1f652 HTTP/1.1" 304 0
INFO 2026-05-10 14:24:03,377 log 54440 47736 "GET /static/admin_interface/css/header.css?v=fbf73b4c3a05e7b27c0ed71177534234cb431fc7becc666773c1f652 HTTP/1.1" 304 0
INFO 2026-05-10 14:24:03,381 log 54440 38916 "GET /static/admin_interface/css/inlines.css?v=fbf73b4c3a05e7b27c0ed71177534234cb431fc7becc666773c1f652 HTTP/1.1" 304 0
INFO 2026-05-10 14:24:03,382 log 54440 47736 "GET /static/admin_interface/css/jquery.ui.tabs.css?v=fbf73b4c3a05e7b27c0ed71177534234cb431fc7becc666773c1f652 HTTP/1.1" 304 0
INFO 2026-05-10 14:24:03,384 log 54440 38916 "GET /static/admin_interface/css/language-chooser.css?v=fbf73b4c3a05e7b27c0ed71177534234cb431fc7becc666773c1f652 HTTP/1.1" 304 0
INFO 2026-05-10 14:24:03,385 log 54440 47736 "GET /static/admin_interface/css/list-filter.css?v=fbf73b4c3a05e7b27c0ed71177534234cb431fc7becc666773c1f652 HTTP/1.1" 304 0
INFO 2026-05-10 14:24:03,388 log 54440 38916 "GET /static/admin_interface/css/list-filter-dropdown.css?v=fbf73b4c3a05e7b27c0ed71177534234cb431fc7becc666773c1f652 HTTP/1.1" 304 0
INFO 2026-05-10 14:24:03,388 log 54440 47736 "GET /static/admin_interface/css/login.css?v=fbf73b4c3a05e7b27c0ed71177534234cb431fc7becc666773c1f652 HTTP/1.1" 304 0
INFO 2026-05-10 14:24:03,391 log 54440 38916 "GET /static/admin_interface/css/modules.css?v=fbf73b4c3a05e7b27c0ed71177534234cb431fc7becc666773c1f652 HTTP/1.1" 304 0
INFO 2026-05-10 14:24:03,391 log 54440 47736 "GET /static/admin_interface/css/nav-sidebar.css?v=fbf73b4c3a05e7b27c0ed71177534234cb431fc7becc666773c1f652 HTTP/1.1" 304 0
INFO 2026-05-10 14:24:03,394 log 54440 38916 "GET /static/admin_interface/css/paginator.css?v=fbf73b4c3a05e7b27c0ed71177534234cb431fc7becc666773c1f652 HTTP/1.1" 304 0
INFO 2026-05-10 14:24:03,395 log 54440 47736 "GET /static/admin_interface/css/object-tools.css?v=fbf73b4c3a05e7b27c0ed71177534234cb431fc7becc666773c1f652 HTTP/1.1" 304 0
INFO 2026-05-10 14:24:03,396 log 54440 38916 "GET /static/admin_interface/css/rtl.css?v=fbf73b4c3a05e7b27c0ed71177534234cb431fc7becc666773c1f652 HTTP/1.1" 304 0
INFO 2026-05-10 14:24:03,399 log 54440 47736 "GET /static/admin_interface/css/sticky-form-controls.css?v=fbf73b4c3a05e7b27c0ed71177534234cb431fc7becc666773c1f652 HTTP/1.1" 304 0
INFO 2026-05-10 14:24:03,399 log 54440 38916 "GET /static/admin_interface/css/tabbed-changeform.css?v=fbf73b4c3a05e7b27c0ed71177534234cb431fc7becc666773c1f652 HTTP/1.1" 304 0
INFO 2026-05-10 14:24:03,402 log 54440 47736 "GET /static/admin_interface/css/widgets.css?v=fbf73b4c3a05e7b27c0ed71177534234cb431fc7becc666773c1f652 HTTP/1.1" 304 0
INFO 2026-05-10 14:24:03,402 log 54440 38916 "GET /static/admin_interface/css/third-party/ckeditor.css?v=fbf73b4c3a05e7b27c0ed71177534234cb431fc7becc666773c1f652 HTTP/1.1" 304 0
INFO 2026-05-10 14:24:03,405 log 54440 47736 "GET /static/admin_interface/css/third-party/import-export.css?v=fbf73b4c3a05e7b27c0ed71177534234cb431fc7becc666773c1f652 HTTP/1.1" 304 0
INFO 2026-05-10 14:24:03,405 log 54440 38916 "GET /static/admin_interface/css/third-party/json-widget.css?v=fbf73b4c3a05e7b27c0ed71177534234cb431fc7becc666773c1f652 HTTP/1.1" 304 0
INFO 2026-05-10 14:24:03,408 log 54440 38916 "GET /static/admin_interface/css/third-party/rangefilter.css?v=fbf73b4c3a05e7b27c0ed71177534234cb431fc7becc666773c1f652 HTTP/1.1" 304 0
INFO 2026-05-10 14:24:03,409 log 54440 47736 "GET /static/admin_interface/css/third-party/modeltranslation.css?v=fbf73b4c3a05e7b27c0ed71177534234cb431fc7becc666773c1f652 HTTP/1.1" 304 0
INFO 2026-05-10 14:24:03,412 log 54440 38916 "GET /static/admin_interface/css/third-party/sorl-thumbnail.css?v=fbf73b4c3a05e7b27c0ed71177534234cb431fc7becc666773c1f652 HTTP/1.1" 304 0
INFO 2026-05-10 14:24:03,412 log 54440 47736 "GET /static/admin_interface/css/third-party/streamfield.css?v=fbf73b4c3a05e7b27c0ed71177534234cb431fc7becc666773c1f652 HTTP/1.1" 304 0
INFO 2026-05-10 14:24:03,418 log 54440 38916 "GET /static/admin_interface/foldable-apps/foldable-apps.css?v=fbf73b4c3a05e7b27c0ed71177534234cb431fc7becc666773c1f652 HTTP/1.1" 304 0
INFO 2026-05-10 14:24:03,419 log 54440 47736 "GET /static/admin_interface/css/third-party/tinymce.css?v=fbf73b4c3a05e7b27c0ed71177534234cb431fc7becc666773c1f652 HTTP/1.1" 304 0
INFO 2026-05-10 14:24:03,422 log 54440 38916 "GET /static/admin_interface/magnific-popup/magnific-popup.css?v=fbf73b4c3a05e7b27c0ed71177534234cb431fc7becc666773c1f652 HTTP/1.1" 304 0
INFO 2026-05-10 14:24:03,423 log 54440 47736 "GET /static/admin_interface/related-modal/related-modal.css?v=fbf73b4c3a05e7b27c0ed71177534234cb431fc7becc666773c1f652 HTTP/1.1" 304 0
INFO 2026-05-10 14:24:03,424 log 54440 38916 "GET /static/admin_interface/favico/favico-0.3.10-patched.min.js?v=fbf73b4c3a05e7b27c0ed71177534234cb431fc7becc666773c1f652 HTTP/1.1" 304 0
INFO 2026-05-10 14:24:03,427 log 54440 47736 "GET /static/admin_interface/favico/favico-env.js?v=fbf73b4c3a05e7b27c0ed71177534234cb431fc7becc666773c1f652 HTTP/1.1" 304 0
INFO 2026-05-10 14:24:03,428 log 54440 38916 "GET /static/admin_interface/foldable-apps/foldable-apps.js?v=fbf73b4c3a05e7b27c0ed71177534234cb431fc7becc666773c1f652 HTTP/1.1" 304 0
INFO 2026-05-10 14:24:03,432 log 54440 47736 "GET /static/admin_interface/magnific-popup/jquery.magnific-popup.js?v=fbf73b4c3a05e7b27c0ed71177534234cb431fc7becc666773c1f652 HTTP/1.1" 304 0
INFO 2026-05-10 14:24:03,432 log 54440 38916 "GET /static/admin_interface/related-modal/related-modal.js?v=fbf73b4c3a05e7b27c0ed71177534234cb431fc7becc666773c1f652 HTTP/1.1" 304 0
INFO 2026-05-10 14:24:03,439 log 54440 38916 "GET /media/admin-interface/logo/ufaa_logo_2.png HTTP/1.1" 304 0
INFO 2026-05-10 14:24:03,477 log 54440 38916 "GET /media/admin-interface/favicon/court_of_arms.png HTTP/1.1" 304 0
INFO 2026-05-10 14:24:17,528 log 54440 38916 "POST /admin/login/?next=/admin/ HTTP/1.1" 302 0
INFO 2026-05-10 14:24:17,638 log 54440 38916 "GET /admin/ HTTP/1.1" 200 34771
INFO 2026-05-10 14:24:21,109 log 54440 38916 "GET /admin/accounts/staffprofile/ HTTP/1.1" 200 35522
INFO 2026-05-10 14:24:21,176 log 54440 38916 "GET /admin/jsi18n/ HTTP/1.1" 200 3342
INFO 2026-05-10 14:24:21,180 log 54440 47736 "GET /static/admin_interface/dropdown-filter/dropdown-filter.js?v=fbf73b4c3a05e7b27c0ed71177534234cb431fc7becc666773c1f652 HTTP/1.1" 304 0
INFO 2026-05-10 14:24:22,723 log 54440 47736 "GET /admin/accounts/staffprofile/add/ HTTP/1.1" 200 39423
INFO 2026-05-10 14:24:22,788 log 54440 47736 "GET /admin/jsi18n/ HTTP/1.1" 200 3342
INFO 2026-05-10 14:24:24,412 log 54440 47736 "GET /admin/accounts/user/?_to_field=id&_popup=1 HTTP/1.1" 200 24518
INFO 2026-05-10 14:25:07,759 autoreload 54324 53512 D:\Documents\UFAA\code\ufaa_prod_backend\ufaamobilebackend\ufaamobilebackend\settings.py changed, reloading.
INFO 2026-05-10 14:25:07,771 autoreload 54440 7880 D:\Documents\UFAA\code\ufaa_prod_backend\ufaamobilebackend\ufaamobilebackend\settings.py changed, reloading.
INFO 2026-05-10 14:25:08,971 autoreload 52628 49428 Watching for file changes with StatReloader
INFO 2026-05-10 14:25:08,987 autoreload 4692 55060 Watching for file changes with StatReloader
INFO 2026-05-10 14:25:16,900 autoreload 4692 55060 D:\Documents\UFAA\code\ufaa_prod_backend\ufaamobilebackend\ufaamobilebackend\settings.py changed, reloading.
INFO 2026-05-10 14:25:16,902 autoreload 52628 49428 D:\Documents\UFAA\code\ufaa_prod_backend\ufaamobilebackend\ufaamobilebackend\settings.py changed, reloading.
INFO 2026-05-10 14:25:17,908 autoreload 43044 20204 Watching for file changes with StatReloader
INFO 2026-05-10 14:25:17,930 autoreload 34828 13716 Watching for file changes with StatReloader
INFO 2026-05-10 14:25:58,704 autoreload 43044 20204 D:\Documents\UFAA\code\ufaa_prod_backend\ufaamobilebackend\ufaamobilebackend\settings.py changed, reloading.
INFO 2026-05-10 14:25:58,745 autoreload 34828 13716 D:\Documents\UFAA\code\ufaa_prod_backend\ufaamobilebackend\ufaamobilebackend\settings.py changed, reloading.
INFO 2026-05-10 14:25:59,879 autoreload 48228 47724 Watching for file changes with StatReloader
INFO 2026-05-10 14:25:59,887 autoreload 20416 45984 Watching for file changes with StatReloader
INFO 2026-05-10 14:26:05,279 log 48228 42088 "GET /admin/accounts/user/?_to_field=id&_popup=1 HTTP/1.1" 200 24518
INFO 2026-05-10 14:26:05,359 log 48228 42088 "GET /media/admin-interface/favicon/court_of_arms.png HTTP/1.1" 304 0
INFO 2026-05-10 14:26:17,722 autoreload 20416 45984 D:\Documents\UFAA\code\ufaa_prod_backend\ufaamobilebackend\ufaamobilebackend\settings.py changed, reloading.
INFO 2026-05-10 14:26:17,844 autoreload 48228 47724 D:\Documents\UFAA\code\ufaa_prod_backend\ufaamobilebackend\ufaamobilebackend\settings.py changed, reloading.
INFO 2026-05-10 14:26:18,787 autoreload 49984 44964 Watching for file changes with StatReloader
INFO 2026-05-10 14:26:18,888 autoreload 41668 36568 Watching for file changes with StatReloader
INFO 2026-05-10 14:26:24,206 log 49984 46600 "GET /admin/accounts/user/?_to_field=id&_popup=1 HTTP/1.1" 200 24518
INFO 2026-05-10 14:26:31,096 autoreload 49984 44964 D:\Documents\UFAA\code\ufaa_prod_backend\ufaamobilebackend\ufaamobilebackend\settings.py changed, reloading.
INFO 2026-05-10 14:26:31,530 autoreload 41668 36568 D:\Documents\UFAA\code\ufaa_prod_backend\ufaamobilebackend\ufaamobilebackend\settings.py changed, reloading.
INFO 2026-05-10 14:26:32,228 autoreload 53640 24388 Watching for file changes with StatReloader
INFO 2026-05-10 14:26:32,499 autoreload 46712 39236 Watching for file changes with StatReloader
INFO 2026-05-10 14:26:43,166 autoreload 53640 24388 D:\Documents\UFAA\code\ufaa_prod_backend\ufaamobilebackend\ufaamobilebackend\settings.py changed, reloading.
INFO 2026-05-10 14:26:43,315 autoreload 46712 39236 D:\Documents\UFAA\code\ufaa_prod_backend\ufaamobilebackend\ufaamobilebackend\settings.py changed, reloading.
INFO 2026-05-10 14:26:44,180 autoreload 52312 52156 Watching for file changes with StatReloader
INFO 2026-05-10 14:26:44,234 autoreload 29028 55284 Watching for file changes with StatReloader
INFO 2026-05-10 14:26:47,179 autoreload 11428 53456 Watching for file changes with StatReloader
INFO 2026-05-10 14:26:51,867 log 29028 45916 "GET /admin/accounts/user/?_to_field=id&_popup=1 HTTP/1.1" 200 24518
INFO 2026-05-10 14:26:59,280 autoreload 29028 55284 D:\Documents\UFAA\code\ufaa_prod_backend\ufaamobilebackend\ufaamobilebackend\settings.py changed, reloading.
INFO 2026-05-10 14:26:59,344 autoreload 11428 53456 D:\Documents\UFAA\code\ufaa_prod_backend\ufaamobilebackend\ufaamobilebackend\settings.py changed, reloading.
INFO 2026-05-10 14:27:00,341 autoreload 41572 33228 Watching for file changes with StatReloader
INFO 2026-05-10 14:27:00,349 autoreload 45980 53652 Watching for file changes with StatReloader
INFO 2026-05-10 14:27:04,108 autoreload 45980 53652 D:\Documents\UFAA\code\ufaa_prod_backend\ufaamobilebackend\ufaamobilebackend\settings.py changed, reloading.
INFO 2026-05-10 14:27:04,108 autoreload 41572 33228 D:\Documents\UFAA\code\ufaa_prod_backend\ufaamobilebackend\ufaamobilebackend\settings.py changed, reloading.
INFO 2026-05-10 14:27:05,250 autoreload 53584 46240 Watching for file changes with StatReloader
INFO 2026-05-10 14:27:05,259 autoreload 52036 47784 Watching for file changes with StatReloader
