ERROR 2026-06-07 18:59:21,284 views 1378850 129426491756672 Error uploading document: name 'os' is not defined
ERROR 2026-06-18 13:28:55,466 exceptions 1811731 123453978448000 Unhandled exception: name 'logger' is not defined
Traceback (most recent call last):
  File "/var/www/ufaa_reunify_mobile_backend/ufaamobilebackend/apps/api/views.py", line 236, in login
    logger.info(f"User {user.username} logged in successfully from {client_ip}")
    ^^^^^^
NameError: name 'logger' is not defined

During handling of the above exception, another exception occurred:

Traceback (most recent call last):
  File "/var/www/ufaa_reunify_mobile_backend/ufaa_env/lib/python3.12/site-packages/rest_framework/views.py", line 512, in dispatch
    response = handler(request, *args, **kwargs)
               ^^^^^^^^^^^^^^^^^^^^^^^^^^^^^^^^^
  File "/var/www/ufaa_reunify_mobile_backend/ufaa_env/lib/python3.12/site-packages/django/utils/decorators.py", line 48, in _wrapper
    return bound_method(*args, **kwargs)
           ^^^^^^^^^^^^^^^^^^^^^^^^^^^^^
  File "/var/www/ufaa_reunify_mobile_backend/ufaa_env/lib/python3.12/site-packages/django/views/decorators/csrf.py", line 65, in _view_wrapper
    return view_func(request, *args, **kwargs)
           ^^^^^^^^^^^^^^^^^^^^^^^^^^^^^^^^^^^
  File "/var/www/ufaa_reunify_mobile_backend/ufaa_env/lib/python3.12/site-packages/django/utils/decorators.py", line 48, in _wrapper
    return bound_method(*args, **kwargs)
           ^^^^^^^^^^^^^^^^^^^^^^^^^^^^^
  File "/var/www/ufaa_reunify_mobile_backend/ufaa_env/lib/python3.12/site-packages/axes/decorators.py", line 11, in inner
    return func(request, *args, **kwargs)
           ^^^^^^^^^^^^^^^^^^^^^^^^^^^^^^
  File "/var/www/ufaa_reunify_mobile_backend/ufaamobilebackend/apps/api/views.py", line 254, in login
    logger.error(f"Login error for user {identifier}: {e}")
    ^^^^^^
NameError: name 'logger' is not defined
ERROR 2026-06-18 14:05:11,165 exceptions 1812833 128292349640832 Unhandled exception: relation "django_cache_table" does not exist
LINE 1: SELECT "cache_key", "value", "expires" FROM "django_cache_ta...
                                                    ^
Traceback (most recent call last):
  File "/var/www/ufaa_reunify_mobile_backend/ufaa_env/lib/python3.12/site-packages/django/db/backends/utils.py", line 105, in _execute
    return self.cursor.execute(sql, params)
           ^^^^^^^^^^^^^^^^^^^^^^^^^^^^^^^^
psycopg2.errors.UndefinedTable: relation "django_cache_table" does not exist
LINE 1: SELECT "cache_key", "value", "expires" FROM "django_cache_ta...
                                                    ^


The above exception was the direct cause of the following exception:

Traceback (most recent call last):
  File "/var/www/ufaa_reunify_mobile_backend/ufaa_env/lib/python3.12/site-packages/rest_framework/views.py", line 503, in dispatch
    self.initial(request, *args, **kwargs)
  File "/var/www/ufaa_reunify_mobile_backend/ufaa_env/lib/python3.12/site-packages/rest_framework/views.py", line 422, in initial
    self.check_throttles(request)
  File "/var/www/ufaa_reunify_mobile_backend/ufaa_env/lib/python3.12/site-packages/rest_framework/views.py", line 365, in check_throttles
    if not throttle.allow_request(request, self):
           ^^^^^^^^^^^^^^^^^^^^^^^^^^^^^^^^^^^^^
  File "/var/www/ufaa_reunify_mobile_backend/ufaa_env/lib/python3.12/site-packages/rest_framework/throttling.py", line 123, in allow_request
    self.history = self.cache.get(self.key, [])
                   ^^^^^^^^^^^^^^^^^^^^^^^^^^^^
  File "/var/www/ufaa_reunify_mobile_backend/ufaa_env/lib/python3.12/site-packages/django/core/cache/backends/db.py", line 53, in get
    return self.get_many([key], version).get(key, default)
           ^^^^^^^^^^^^^^^^^^^^^^^^^^^^^
  File "/var/www/ufaa_reunify_mobile_backend/ufaa_env/lib/python3.12/site-packages/django/core/cache/backends/db.py", line 69, in get_many
    cursor.execute(
  File "/var/www/ufaa_reunify_mobile_backend/ufaa_env/lib/python3.12/site-packages/django/db/backends/utils.py", line 122, in execute
    return super().execute(sql, params)
           ^^^^^^^^^^^^^^^^^^^^^^^^^^^^
  File "/var/www/ufaa_reunify_mobile_backend/ufaa_env/lib/python3.12/site-packages/django/db/backends/utils.py", line 79, in execute
    return self._execute_with_wrappers(
           ^^^^^^^^^^^^^^^^^^^^^^^^^^^^
  File "/var/www/ufaa_reunify_mobile_backend/ufaa_env/lib/python3.12/site-packages/django/db/backends/utils.py", line 92, in _execute_with_wrappers
    return executor(sql, params, many, context)
           ^^^^^^^^^^^^^^^^^^^^^^^^^^^^^^^^^^^^
  File "/var/www/ufaa_reunify_mobile_backend/ufaa_env/lib/python3.12/site-packages/django/db/backends/utils.py", line 100, in _execute
    with self.db.wrap_database_errors:
  File "/var/www/ufaa_reunify_mobile_backend/ufaa_env/lib/python3.12/site-packages/django/db/utils.py", line 94, in __exit__
    raise dj_exc_value.with_traceback(traceback) from exc_value
  File "/var/www/ufaa_reunify_mobile_backend/ufaa_env/lib/python3.12/site-packages/django/db/backends/utils.py", line 105, in _execute
    return self.cursor.execute(sql, params)
           ^^^^^^^^^^^^^^^^^^^^^^^^^^^^^^^^
django.db.utils.ProgrammingError: relation "django_cache_table" does not exist
LINE 1: SELECT "cache_key", "value", "expires" FROM "django_cache_ta...
                                                    ^

ERROR 2026-06-18 14:08:44,324 exceptions 1812833 128292349640832 Unhandled exception: relation "django_cache_table" does not exist
LINE 1: SELECT "cache_key", "value", "expires" FROM "django_cache_ta...
                                                    ^
Traceback (most recent call last):
  File "/var/www/ufaa_reunify_mobile_backend/ufaa_env/lib/python3.12/site-packages/django/db/backends/utils.py", line 105, in _execute
    return self.cursor.execute(sql, params)
           ^^^^^^^^^^^^^^^^^^^^^^^^^^^^^^^^
psycopg2.errors.UndefinedTable: relation "django_cache_table" does not exist
LINE 1: SELECT "cache_key", "value", "expires" FROM "django_cache_ta...
                                                    ^


The above exception was the direct cause of the following exception:

Traceback (most recent call last):
  File "/var/www/ufaa_reunify_mobile_backend/ufaa_env/lib/python3.12/site-packages/rest_framework/views.py", line 503, in dispatch
    self.initial(request, *args, **kwargs)
  File "/var/www/ufaa_reunify_mobile_backend/ufaa_env/lib/python3.12/site-packages/rest_framework/views.py", line 422, in initial
    self.check_throttles(request)
  File "/var/www/ufaa_reunify_mobile_backend/ufaa_env/lib/python3.12/site-packages/rest_framework/views.py", line 365, in check_throttles
    if not throttle.allow_request(request, self):
           ^^^^^^^^^^^^^^^^^^^^^^^^^^^^^^^^^^^^^
  File "/var/www/ufaa_reunify_mobile_backend/ufaa_env/lib/python3.12/site-packages/rest_framework/throttling.py", line 123, in allow_request
    self.history = self.cache.get(self.key, [])
                   ^^^^^^^^^^^^^^^^^^^^^^^^^^^^
  File "/var/www/ufaa_reunify_mobile_backend/ufaa_env/lib/python3.12/site-packages/django/core/cache/backends/db.py", line 53, in get
    return self.get_many([key], version).get(key, default)
           ^^^^^^^^^^^^^^^^^^^^^^^^^^^^^
  File "/var/www/ufaa_reunify_mobile_backend/ufaa_env/lib/python3.12/site-packages/django/core/cache/backends/db.py", line 69, in get_many
    cursor.execute(
  File "/var/www/ufaa_reunify_mobile_backend/ufaa_env/lib/python3.12/site-packages/django/db/backends/utils.py", line 122, in execute
    return super().execute(sql, params)
           ^^^^^^^^^^^^^^^^^^^^^^^^^^^^
  File "/var/www/ufaa_reunify_mobile_backend/ufaa_env/lib/python3.12/site-packages/django/db/backends/utils.py", line 79, in execute
    return self._execute_with_wrappers(
           ^^^^^^^^^^^^^^^^^^^^^^^^^^^^
  File "/var/www/ufaa_reunify_mobile_backend/ufaa_env/lib/python3.12/site-packages/django/db/backends/utils.py", line 92, in _execute_with_wrappers
    return executor(sql, params, many, context)
           ^^^^^^^^^^^^^^^^^^^^^^^^^^^^^^^^^^^^
  File "/var/www/ufaa_reunify_mobile_backend/ufaa_env/lib/python3.12/site-packages/django/db/backends/utils.py", line 100, in _execute
    with self.db.wrap_database_errors:
  File "/var/www/ufaa_reunify_mobile_backend/ufaa_env/lib/python3.12/site-packages/django/db/utils.py", line 94, in __exit__
    raise dj_exc_value.with_traceback(traceback) from exc_value
  File "/var/www/ufaa_reunify_mobile_backend/ufaa_env/lib/python3.12/site-packages/django/db/backends/utils.py", line 105, in _execute
    return self.cursor.execute(sql, params)
           ^^^^^^^^^^^^^^^^^^^^^^^^^^^^^^^^
django.db.utils.ProgrammingError: relation "django_cache_table" does not exist
LINE 1: SELECT "cache_key", "value", "expires" FROM "django_cache_ta...
                                                    ^

ERROR 2026-06-19 15:51:19,849 views 1854603 132326152343680 Error searching claims: ('42S22', "[42S22] [Microsoft][ODBC Driver 18 for SQL Server][SQL Server]Invalid column name 'Claimant ID'. (207) (SQLExecDirectW)")
Traceback (most recent call last):
  File "/var/www/ufaa_reunify_mobile_backend/ufaa_env/lib/python3.12/site-packages/django/db/backends/utils.py", line 105, in _execute
    return self.cursor.execute(sql, params)
           ^^^^^^^^^^^^^^^^^^^^^^^^^^^^^^^^
  File "/var/www/ufaa_reunify_mobile_backend/ufaa_env/lib/python3.12/site-packages/mssql/base.py", line 768, in execute
    return self.cursor.execute(sql, params)
           ^^^^^^^^^^^^^^^^^^^^^^^^^^^^^^^^
pyodbc.ProgrammingError: ('42S22', "[42S22] [Microsoft][ODBC Driver 18 for SQL Server][SQL Server]Invalid column name 'Claimant ID'. (207) (SQLExecDirectW)")

The above exception was the direct cause of the following exception:

Traceback (most recent call last):
  File "/var/www/ufaa_reunify_mobile_backend/ufaamobilebackend/apps/live_operations/views.py", line 95, in search_existing_claims
    if claims.count() == 0:
       ^^^^^^^^^^^^^^
  File "/var/www/ufaa_reunify_mobile_backend/ufaa_env/lib/python3.12/site-packages/django/db/models/query.py", line 610, in count
    return self.query.get_count(using=self.db)
           ^^^^^^^^^^^^^^^^^^^^^^^^^^^^^^^^^^^
  File "/var/www/ufaa_reunify_mobile_backend/ufaa_env/lib/python3.12/site-packages/django/db/models/sql/query.py", line 656, in get_count
    return obj.get_aggregation(using, {"__count": Count("*")})["__count"]
           ^^^^^^^^^^^^^^^^^^^^^^^^^^^^^^^^^^^^^^^^^^^^^^^^^^^
  File "/var/www/ufaa_reunify_mobile_backend/ufaa_env/lib/python3.12/site-packages/django/db/models/sql/query.py", line 638, in get_aggregation
    result = compiler.execute_sql(SINGLE)
             ^^^^^^^^^^^^^^^^^^^^^^^^^^^^
  File "/var/www/ufaa_reunify_mobile_backend/ufaa_env/lib/python3.12/site-packages/django/db/models/sql/compiler.py", line 1624, in execute_sql
    cursor.execute(sql, params)
  File "/var/www/ufaa_reunify_mobile_backend/ufaa_env/lib/python3.12/site-packages/django/db/backends/utils.py", line 122, in execute
    return super().execute(sql, params)
           ^^^^^^^^^^^^^^^^^^^^^^^^^^^^
  File "/var/www/ufaa_reunify_mobile_backend/ufaa_env/lib/python3.12/site-packages/django/db/backends/utils.py", line 79, in execute
    return self._execute_with_wrappers(
           ^^^^^^^^^^^^^^^^^^^^^^^^^^^^
  File "/var/www/ufaa_reunify_mobile_backend/ufaa_env/lib/python3.12/site-packages/django/db/backends/utils.py", line 92, in _execute_with_wrappers
    return executor(sql, params, many, context)
           ^^^^^^^^^^^^^^^^^^^^^^^^^^^^^^^^^^^^
  File "/var/www/ufaa_reunify_mobile_backend/ufaa_env/lib/python3.12/site-packages/django/db/backends/utils.py", line 100, in _execute
    with self.db.wrap_database_errors:
  File "/var/www/ufaa_reunify_mobile_backend/ufaa_env/lib/python3.12/site-packages/django/db/utils.py", line 94, in __exit__
    raise dj_exc_value.with_traceback(traceback) from exc_value
  File "/var/www/ufaa_reunify_mobile_backend/ufaa_env/lib/python3.12/site-packages/django/db/backends/utils.py", line 105, in _execute
    return self.cursor.execute(sql, params)
           ^^^^^^^^^^^^^^^^^^^^^^^^^^^^^^^^
  File "/var/www/ufaa_reunify_mobile_backend/ufaa_env/lib/python3.12/site-packages/mssql/base.py", line 768, in execute
    return self.cursor.execute(sql, params)
           ^^^^^^^^^^^^^^^^^^^^^^^^^^^^^^^^
django.db.utils.ProgrammingError: ('42S22', "[42S22] [Microsoft][ODBC Driver 18 for SQL Server][SQL Server]Invalid column name 'Claimant ID'. (207) (SQLExecDirectW)")
ERROR 2026-06-19 15:51:52,639 views 1854603 132326152343680 Error in advanced search: ('42S22', "[42S22] [Microsoft][ODBC Driver 18 for SQL Server][SQL Server]Invalid column name 'Claimant ID'. (207) (SQLExecDirectW)")
Traceback (most recent call last):
  File "/var/www/ufaa_reunify_mobile_backend/ufaa_env/lib/python3.12/site-packages/django/db/backends/utils.py", line 105, in _execute
    return self.cursor.execute(sql, params)
           ^^^^^^^^^^^^^^^^^^^^^^^^^^^^^^^^
  File "/var/www/ufaa_reunify_mobile_backend/ufaa_env/lib/python3.12/site-packages/mssql/base.py", line 768, in execute
    return self.cursor.execute(sql, params)
           ^^^^^^^^^^^^^^^^^^^^^^^^^^^^^^^^
pyodbc.ProgrammingError: ('42S22', "[42S22] [Microsoft][ODBC Driver 18 for SQL Server][SQL Server]Invalid column name 'Claimant ID'. (207) (SQLExecDirectW)")

The above exception was the direct cause of the following exception:

Traceback (most recent call last):
  File "/var/www/ufaa_reunify_mobile_backend/ufaamobilebackend/apps/live_operations/views.py", line 210, in search_existing_claims_advanced
    logger.info(f"Advanced search found {claims.count()} claims for identifier: {identifier}")
                                         ^^^^^^^^^^^^^^
  File "/var/www/ufaa_reunify_mobile_backend/ufaa_env/lib/python3.12/site-packages/django/db/models/query.py", line 610, in count
    return self.query.get_count(using=self.db)
           ^^^^^^^^^^^^^^^^^^^^^^^^^^^^^^^^^^^
  File "/var/www/ufaa_reunify_mobile_backend/ufaa_env/lib/python3.12/site-packages/django/db/models/sql/query.py", line 656, in get_count
    return obj.get_aggregation(using, {"__count": Count("*")})["__count"]
           ^^^^^^^^^^^^^^^^^^^^^^^^^^^^^^^^^^^^^^^^^^^^^^^^^^^
  File "/var/www/ufaa_reunify_mobile_backend/ufaa_env/lib/python3.12/site-packages/django/db/models/sql/query.py", line 638, in get_aggregation
    result = compiler.execute_sql(SINGLE)
             ^^^^^^^^^^^^^^^^^^^^^^^^^^^^
  File "/var/www/ufaa_reunify_mobile_backend/ufaa_env/lib/python3.12/site-packages/django/db/models/sql/compiler.py", line 1624, in execute_sql
    cursor.execute(sql, params)
  File "/var/www/ufaa_reunify_mobile_backend/ufaa_env/lib/python3.12/site-packages/django/db/backends/utils.py", line 122, in execute
    return super().execute(sql, params)
           ^^^^^^^^^^^^^^^^^^^^^^^^^^^^
  File "/var/www/ufaa_reunify_mobile_backend/ufaa_env/lib/python3.12/site-packages/django/db/backends/utils.py", line 79, in execute
    return self._execute_with_wrappers(
           ^^^^^^^^^^^^^^^^^^^^^^^^^^^^
  File "/var/www/ufaa_reunify_mobile_backend/ufaa_env/lib/python3.12/site-packages/django/db/backends/utils.py", line 92, in _execute_with_wrappers
    return executor(sql, params, many, context)
           ^^^^^^^^^^^^^^^^^^^^^^^^^^^^^^^^^^^^
  File "/var/www/ufaa_reunify_mobile_backend/ufaa_env/lib/python3.12/site-packages/django/db/backends/utils.py", line 100, in _execute
    with self.db.wrap_database_errors:
  File "/var/www/ufaa_reunify_mobile_backend/ufaa_env/lib/python3.12/site-packages/django/db/utils.py", line 94, in __exit__
    raise dj_exc_value.with_traceback(traceback) from exc_value
  File "/var/www/ufaa_reunify_mobile_backend/ufaa_env/lib/python3.12/site-packages/django/db/backends/utils.py", line 105, in _execute
    return self.cursor.execute(sql, params)
           ^^^^^^^^^^^^^^^^^^^^^^^^^^^^^^^^
  File "/var/www/ufaa_reunify_mobile_backend/ufaa_env/lib/python3.12/site-packages/mssql/base.py", line 768, in execute
    return self.cursor.execute(sql, params)
           ^^^^^^^^^^^^^^^^^^^^^^^^^^^^^^^^
django.db.utils.ProgrammingError: ('42S22', "[42S22] [Microsoft][ODBC Driver 18 for SQL Server][SQL Server]Invalid column name 'Claimant ID'. (207) (SQLExecDirectW)")
ERROR 2026-06-19 15:58:16,921 exceptions 1854827 124268572618880 Unhandled exception: name 'traceback' is not defined
Traceback (most recent call last):
  File "/var/www/ufaa_reunify_mobile_backend/ufaa_env/lib/python3.12/site-packages/django/db/backends/utils.py", line 105, in _execute
    return self.cursor.execute(sql, params)
           ^^^^^^^^^^^^^^^^^^^^^^^^^^^^^^^^
  File "/var/www/ufaa_reunify_mobile_backend/ufaa_env/lib/python3.12/site-packages/mssql/base.py", line 768, in execute
    return self.cursor.execute(sql, params)
           ^^^^^^^^^^^^^^^^^^^^^^^^^^^^^^^^
pyodbc.ProgrammingError: ('42S22', "[42S22] [Microsoft][ODBC Driver 18 for SQL Server][SQL Server]Invalid column name 'Claimant ID'. (207) (SQLExecDirectW)")

The above exception was the direct cause of the following exception:

Traceback (most recent call last):
  File "/var/www/ufaa_reunify_mobile_backend/ufaamobilebackend/apps/live_operations/views.py", line 33, in test_live_connection
    first_record = LiveOnlineClaim.objects.first()
                   ^^^^^^^^^^^^^^^^^^^^^^^^^^^^^^^
  File "/var/www/ufaa_reunify_mobile_backend/ufaa_env/lib/python3.12/site-packages/django/db/models/manager.py", line 87, in manager_method
    return getattr(self.get_queryset(), name)(*args, **kwargs)
           ^^^^^^^^^^^^^^^^^^^^^^^^^^^^^^^^^^^^^^^^^^^^^^^^^^^
  File "/var/www/ufaa_reunify_mobile_backend/ufaa_env/lib/python3.12/site-packages/django/db/models/query.py", line 1145, in first
    for obj in queryset[:1]:
  File "/var/www/ufaa_reunify_mobile_backend/ufaa_env/lib/python3.12/site-packages/django/db/models/query.py", line 390, in __iter__
    self._fetch_all()
  File "/var/www/ufaa_reunify_mobile_backend/ufaa_env/lib/python3.12/site-packages/django/db/models/query.py", line 2000, in _fetch_all
    self._result_cache = list(self._iterable_class(self))
                         ^^^^^^^^^^^^^^^^^^^^^^^^^^^^^^^^
  File "/var/www/ufaa_reunify_mobile_backend/ufaa_env/lib/python3.12/site-packages/django/db/models/query.py", line 95, in __iter__
    results = compiler.execute_sql(
              ^^^^^^^^^^^^^^^^^^^^^
  File "/var/www/ufaa_reunify_mobile_backend/ufaa_env/lib/python3.12/site-packages/django/db/models/sql/compiler.py", line 1624, in execute_sql
    cursor.execute(sql, params)
  File "/var/www/ufaa_reunify_mobile_backend/ufaa_env/lib/python3.12/site-packages/django/db/backends/utils.py", line 122, in execute
    return super().execute(sql, params)
           ^^^^^^^^^^^^^^^^^^^^^^^^^^^^
  File "/var/www/ufaa_reunify_mobile_backend/ufaa_env/lib/python3.12/site-packages/django/db/backends/utils.py", line 79, in execute
    return self._execute_with_wrappers(
           ^^^^^^^^^^^^^^^^^^^^^^^^^^^^
  File "/var/www/ufaa_reunify_mobile_backend/ufaa_env/lib/python3.12/site-packages/django/db/backends/utils.py", line 92, in _execute_with_wrappers
    return executor(sql, params, many, context)
           ^^^^^^^^^^^^^^^^^^^^^^^^^^^^^^^^^^^^
  File "/var/www/ufaa_reunify_mobile_backend/ufaa_env/lib/python3.12/site-packages/django/db/backends/utils.py", line 100, in _execute
    with self.db.wrap_database_errors:
  File "/var/www/ufaa_reunify_mobile_backend/ufaa_env/lib/python3.12/site-packages/django/db/utils.py", line 94, in __exit__
    raise dj_exc_value.with_traceback(traceback) from exc_value
  File "/var/www/ufaa_reunify_mobile_backend/ufaa_env/lib/python3.12/site-packages/django/db/backends/utils.py", line 105, in _execute
    return self.cursor.execute(sql, params)
           ^^^^^^^^^^^^^^^^^^^^^^^^^^^^^^^^
  File "/var/www/ufaa_reunify_mobile_backend/ufaa_env/lib/python3.12/site-packages/mssql/base.py", line 768, in execute
    return self.cursor.execute(sql, params)
           ^^^^^^^^^^^^^^^^^^^^^^^^^^^^^^^^
django.db.utils.ProgrammingError: ('42S22', "[42S22] [Microsoft][ODBC Driver 18 for SQL Server][SQL Server]Invalid column name 'Claimant ID'. (207) (SQLExecDirectW)")

During handling of the above exception, another exception occurred:

Traceback (most recent call last):
  File "/var/www/ufaa_reunify_mobile_backend/ufaa_env/lib/python3.12/site-packages/rest_framework/views.py", line 512, in dispatch
    response = handler(request, *args, **kwargs)
               ^^^^^^^^^^^^^^^^^^^^^^^^^^^^^^^^^
  File "/var/www/ufaa_reunify_mobile_backend/ufaa_env/lib/python3.12/site-packages/rest_framework/decorators.py", line 50, in handler
    return func(*args, **kwargs)
           ^^^^^^^^^^^^^^^^^^^^^
  File "/var/www/ufaa_reunify_mobile_backend/ufaamobilebackend/apps/live_operations/views.py", line 53, in test_live_connection
    error_traceback = traceback.format_exc()
                      ^^^^^^^^^
NameError: name 'traceback' is not defined. Did you forget to import 'traceback'
ERROR 2026-06-19 15:58:37,890 exceptions 1854827 124268572618880 Unhandled exception: name 'traceback' is not defined
Traceback (most recent call last):
  File "/var/www/ufaa_reunify_mobile_backend/ufaa_env/lib/python3.12/site-packages/django/db/backends/utils.py", line 105, in _execute
    return self.cursor.execute(sql, params)
           ^^^^^^^^^^^^^^^^^^^^^^^^^^^^^^^^
  File "/var/www/ufaa_reunify_mobile_backend/ufaa_env/lib/python3.12/site-packages/mssql/base.py", line 768, in execute
    return self.cursor.execute(sql, params)
           ^^^^^^^^^^^^^^^^^^^^^^^^^^^^^^^^
pyodbc.ProgrammingError: ('42S22', "[42S22] [Microsoft][ODBC Driver 18 for SQL Server][SQL Server]Invalid column name 'Claimant ID'. (207) (SQLExecDirectW)")

The above exception was the direct cause of the following exception:

Traceback (most recent call last):
  File "/var/www/ufaa_reunify_mobile_backend/ufaamobilebackend/apps/live_operations/views.py", line 536, in check_data_fields
    ).exclude(claimant_id='').count()
                              ^^^^^^^
  File "/var/www/ufaa_reunify_mobile_backend/ufaa_env/lib/python3.12/site-packages/django/db/models/query.py", line 610, in count
    return self.query.get_count(using=self.db)
           ^^^^^^^^^^^^^^^^^^^^^^^^^^^^^^^^^^^
  File "/var/www/ufaa_reunify_mobile_backend/ufaa_env/lib/python3.12/site-packages/django/db/models/sql/query.py", line 656, in get_count
    return obj.get_aggregation(using, {"__count": Count("*")})["__count"]
           ^^^^^^^^^^^^^^^^^^^^^^^^^^^^^^^^^^^^^^^^^^^^^^^^^^^
  File "/var/www/ufaa_reunify_mobile_backend/ufaa_env/lib/python3.12/site-packages/django/db/models/sql/query.py", line 638, in get_aggregation
    result = compiler.execute_sql(SINGLE)
             ^^^^^^^^^^^^^^^^^^^^^^^^^^^^
  File "/var/www/ufaa_reunify_mobile_backend/ufaa_env/lib/python3.12/site-packages/django/db/models/sql/compiler.py", line 1624, in execute_sql
    cursor.execute(sql, params)
  File "/var/www/ufaa_reunify_mobile_backend/ufaa_env/lib/python3.12/site-packages/django/db/backends/utils.py", line 122, in execute
    return super().execute(sql, params)
           ^^^^^^^^^^^^^^^^^^^^^^^^^^^^
  File "/var/www/ufaa_reunify_mobile_backend/ufaa_env/lib/python3.12/site-packages/django/db/backends/utils.py", line 79, in execute
    return self._execute_with_wrappers(
           ^^^^^^^^^^^^^^^^^^^^^^^^^^^^
  File "/var/www/ufaa_reunify_mobile_backend/ufaa_env/lib/python3.12/site-packages/django/db/backends/utils.py", line 92, in _execute_with_wrappers
    return executor(sql, params, many, context)
           ^^^^^^^^^^^^^^^^^^^^^^^^^^^^^^^^^^^^
  File "/var/www/ufaa_reunify_mobile_backend/ufaa_env/lib/python3.12/site-packages/django/db/backends/utils.py", line 100, in _execute
    with self.db.wrap_database_errors:
  File "/var/www/ufaa_reunify_mobile_backend/ufaa_env/lib/python3.12/site-packages/django/db/utils.py", line 94, in __exit__
    raise dj_exc_value.with_traceback(traceback) from exc_value
  File "/var/www/ufaa_reunify_mobile_backend/ufaa_env/lib/python3.12/site-packages/django/db/backends/utils.py", line 105, in _execute
    return self.cursor.execute(sql, params)
           ^^^^^^^^^^^^^^^^^^^^^^^^^^^^^^^^
  File "/var/www/ufaa_reunify_mobile_backend/ufaa_env/lib/python3.12/site-packages/mssql/base.py", line 768, in execute
    return self.cursor.execute(sql, params)
           ^^^^^^^^^^^^^^^^^^^^^^^^^^^^^^^^
django.db.utils.ProgrammingError: ('42S22', "[42S22] [Microsoft][ODBC Driver 18 for SQL Server][SQL Server]Invalid column name 'Claimant ID'. (207) (SQLExecDirectW)")

During handling of the above exception, another exception occurred:

Traceback (most recent call last):
  File "/var/www/ufaa_reunify_mobile_backend/ufaa_env/lib/python3.12/site-packages/rest_framework/views.py", line 512, in dispatch
    response = handler(request, *args, **kwargs)
               ^^^^^^^^^^^^^^^^^^^^^^^^^^^^^^^^^
  File "/var/www/ufaa_reunify_mobile_backend/ufaa_env/lib/python3.12/site-packages/rest_framework/decorators.py", line 50, in handler
    return func(*args, **kwargs)
           ^^^^^^^^^^^^^^^^^^^^^
  File "/var/www/ufaa_reunify_mobile_backend/ufaamobilebackend/apps/live_operations/views.py", line 572, in check_data_fields
    error_traceback = traceback.format_exc()
                      ^^^^^^^^^
NameError: name 'traceback' is not defined. Did you forget to import 'traceback'
ERROR 2026-06-19 15:59:20,171 exceptions 1854827 124268572618880 Unhandled exception: name 'traceback' is not defined
Traceback (most recent call last):
  File "/var/www/ufaa_reunify_mobile_backend/ufaa_env/lib/python3.12/site-packages/django/db/backends/utils.py", line 105, in _execute
    return self.cursor.execute(sql, params)
           ^^^^^^^^^^^^^^^^^^^^^^^^^^^^^^^^
  File "/var/www/ufaa_reunify_mobile_backend/ufaa_env/lib/python3.12/site-packages/mssql/base.py", line 768, in execute
    return self.cursor.execute(sql, params)
           ^^^^^^^^^^^^^^^^^^^^^^^^^^^^^^^^
pyodbc.ProgrammingError: ('42S22', "[42S22] [Microsoft][ODBC Driver 18 for SQL Server][SQL Server]Invalid column name 'Claimant ID'. (207) (SQLExecDirectW)")

The above exception was the direct cause of the following exception:

Traceback (most recent call last):
  File "/var/www/ufaa_reunify_mobile_backend/ufaamobilebackend/apps/live_operations/views.py", line 147, in search_existing_claims
    if claims.count() == 0:
       ^^^^^^^^^^^^^^
  File "/var/www/ufaa_reunify_mobile_backend/ufaa_env/lib/python3.12/site-packages/django/db/models/query.py", line 610, in count
    return self.query.get_count(using=self.db)
           ^^^^^^^^^^^^^^^^^^^^^^^^^^^^^^^^^^^
  File "/var/www/ufaa_reunify_mobile_backend/ufaa_env/lib/python3.12/site-packages/django/db/models/sql/query.py", line 656, in get_count
    return obj.get_aggregation(using, {"__count": Count("*")})["__count"]
           ^^^^^^^^^^^^^^^^^^^^^^^^^^^^^^^^^^^^^^^^^^^^^^^^^^^
  File "/var/www/ufaa_reunify_mobile_backend/ufaa_env/lib/python3.12/site-packages/django/db/models/sql/query.py", line 638, in get_aggregation
    result = compiler.execute_sql(SINGLE)
             ^^^^^^^^^^^^^^^^^^^^^^^^^^^^
  File "/var/www/ufaa_reunify_mobile_backend/ufaa_env/lib/python3.12/site-packages/django/db/models/sql/compiler.py", line 1624, in execute_sql
    cursor.execute(sql, params)
  File "/var/www/ufaa_reunify_mobile_backend/ufaa_env/lib/python3.12/site-packages/django/db/backends/utils.py", line 122, in execute
    return super().execute(sql, params)
           ^^^^^^^^^^^^^^^^^^^^^^^^^^^^
  File "/var/www/ufaa_reunify_mobile_backend/ufaa_env/lib/python3.12/site-packages/django/db/backends/utils.py", line 79, in execute
    return self._execute_with_wrappers(
           ^^^^^^^^^^^^^^^^^^^^^^^^^^^^
  File "/var/www/ufaa_reunify_mobile_backend/ufaa_env/lib/python3.12/site-packages/django/db/backends/utils.py", line 92, in _execute_with_wrappers
    return executor(sql, params, many, context)
           ^^^^^^^^^^^^^^^^^^^^^^^^^^^^^^^^^^^^
  File "/var/www/ufaa_reunify_mobile_backend/ufaa_env/lib/python3.12/site-packages/django/db/backends/utils.py", line 100, in _execute
    with self.db.wrap_database_errors:
  File "/var/www/ufaa_reunify_mobile_backend/ufaa_env/lib/python3.12/site-packages/django/db/utils.py", line 94, in __exit__
    raise dj_exc_value.with_traceback(traceback) from exc_value
  File "/var/www/ufaa_reunify_mobile_backend/ufaa_env/lib/python3.12/site-packages/django/db/backends/utils.py", line 105, in _execute
    return self.cursor.execute(sql, params)
           ^^^^^^^^^^^^^^^^^^^^^^^^^^^^^^^^
  File "/var/www/ufaa_reunify_mobile_backend/ufaa_env/lib/python3.12/site-packages/mssql/base.py", line 768, in execute
    return self.cursor.execute(sql, params)
           ^^^^^^^^^^^^^^^^^^^^^^^^^^^^^^^^
django.db.utils.ProgrammingError: ('42S22', "[42S22] [Microsoft][ODBC Driver 18 for SQL Server][SQL Server]Invalid column name 'Claimant ID'. (207) (SQLExecDirectW)")

During handling of the above exception, another exception occurred:

Traceback (most recent call last):
  File "/var/www/ufaa_reunify_mobile_backend/ufaa_env/lib/python3.12/site-packages/rest_framework/views.py", line 512, in dispatch
    response = handler(request, *args, **kwargs)
               ^^^^^^^^^^^^^^^^^^^^^^^^^^^^^^^^^
  File "/var/www/ufaa_reunify_mobile_backend/ufaa_env/lib/python3.12/site-packages/rest_framework/decorators.py", line 50, in handler
    return func(*args, **kwargs)
           ^^^^^^^^^^^^^^^^^^^^^
  File "/var/www/ufaa_reunify_mobile_backend/ufaamobilebackend/apps/live_operations/views.py", line 210, in search_existing_claims
    error_traceback = traceback.format_exc()
                      ^^^^^^^^^
NameError: name 'traceback' is not defined. Did you forget to import 'traceback'
ERROR 2026-06-19 16:03:30,979 views 1855001 131713805021312 Error checking data: ('42S22', "[42S22] [Microsoft][ODBC Driver 18 for SQL Server][SQL Server]Invalid column name 'Claimant ID'. (207) (SQLExecDirectW)")
ERROR 2026-06-19 16:03:30,979 views 1855001 131713805021312 Traceback: Traceback (most recent call last):
  File "/var/www/ufaa_reunify_mobile_backend/ufaa_env/lib/python3.12/site-packages/django/db/backends/utils.py", line 105, in _execute
    return self.cursor.execute(sql, params)
           ^^^^^^^^^^^^^^^^^^^^^^^^^^^^^^^^
  File "/var/www/ufaa_reunify_mobile_backend/ufaa_env/lib/python3.12/site-packages/mssql/base.py", line 768, in execute
    return self.cursor.execute(sql, params)
           ^^^^^^^^^^^^^^^^^^^^^^^^^^^^^^^^
pyodbc.ProgrammingError: ('42S22', "[42S22] [Microsoft][ODBC Driver 18 for SQL Server][SQL Server]Invalid column name 'Claimant ID'. (207) (SQLExecDirectW)")

The above exception was the direct cause of the following exception:

Traceback (most recent call last):
  File "/var/www/ufaa_reunify_mobile_backend/ufaamobilebackend/apps/live_operations/views.py", line 537, in check_data_fields
    ).exclude(claimant_id='').count()
                              ^^^^^^^
  File "/var/www/ufaa_reunify_mobile_backend/ufaa_env/lib/python3.12/site-packages/django/db/models/query.py", line 610, in count
    return self.query.get_count(using=self.db)
           ^^^^^^^^^^^^^^^^^^^^^^^^^^^^^^^^^^^
  File "/var/www/ufaa_reunify_mobile_backend/ufaa_env/lib/python3.12/site-packages/django/db/models/sql/query.py", line 656, in get_count
    return obj.get_aggregation(using, {"__count": Count("*")})["__count"]
           ^^^^^^^^^^^^^^^^^^^^^^^^^^^^^^^^^^^^^^^^^^^^^^^^^^^
  File "/var/www/ufaa_reunify_mobile_backend/ufaa_env/lib/python3.12/site-packages/django/db/models/sql/query.py", line 638, in get_aggregation
    result = compiler.execute_sql(SINGLE)
             ^^^^^^^^^^^^^^^^^^^^^^^^^^^^
  File "/var/www/ufaa_reunify_mobile_backend/ufaa_env/lib/python3.12/site-packages/django/db/models/sql/compiler.py", line 1624, in execute_sql
    cursor.execute(sql, params)
  File "/var/www/ufaa_reunify_mobile_backend/ufaa_env/lib/python3.12/site-packages/django/db/backends/utils.py", line 122, in execute
    return super().execute(sql, params)
           ^^^^^^^^^^^^^^^^^^^^^^^^^^^^
  File "/var/www/ufaa_reunify_mobile_backend/ufaa_env/lib/python3.12/site-packages/django/db/backends/utils.py", line 79, in execute
    return self._execute_with_wrappers(
           ^^^^^^^^^^^^^^^^^^^^^^^^^^^^
  File "/var/www/ufaa_reunify_mobile_backend/ufaa_env/lib/python3.12/site-packages/django/db/backends/utils.py", line 92, in _execute_with_wrappers
    return executor(sql, params, many, context)
           ^^^^^^^^^^^^^^^^^^^^^^^^^^^^^^^^^^^^
  File "/var/www/ufaa_reunify_mobile_backend/ufaa_env/lib/python3.12/site-packages/django/db/backends/utils.py", line 100, in _execute
    with self.db.wrap_database_errors:
  File "/var/www/ufaa_reunify_mobile_backend/ufaa_env/lib/python3.12/site-packages/django/db/utils.py", line 94, in __exit__
    raise dj_exc_value.with_traceback(traceback) from exc_value
  File "/var/www/ufaa_reunify_mobile_backend/ufaa_env/lib/python3.12/site-packages/django/db/backends/utils.py", line 105, in _execute
    return self.cursor.execute(sql, params)
           ^^^^^^^^^^^^^^^^^^^^^^^^^^^^^^^^
  File "/var/www/ufaa_reunify_mobile_backend/ufaa_env/lib/python3.12/site-packages/mssql/base.py", line 768, in execute
    return self.cursor.execute(sql, params)
           ^^^^^^^^^^^^^^^^^^^^^^^^^^^^^^^^
django.db.utils.ProgrammingError: ('42S22', "[42S22] [Microsoft][ODBC Driver 18 for SQL Server][SQL Server]Invalid column name 'Claimant ID'. (207) (SQLExecDirectW)")

ERROR 2026-06-19 16:03:54,626 views 1855001 131713805021312 Error searching claims: ('42S22', "[42S22] [Microsoft][ODBC Driver 18 for SQL Server][SQL Server]Invalid column name 'Claimant ID'. (207) (SQLExecDirectW)")
ERROR 2026-06-19 16:03:54,626 views 1855001 131713805021312 Traceback: Traceback (most recent call last):
  File "/var/www/ufaa_reunify_mobile_backend/ufaa_env/lib/python3.12/site-packages/django/db/backends/utils.py", line 105, in _execute
    return self.cursor.execute(sql, params)
           ^^^^^^^^^^^^^^^^^^^^^^^^^^^^^^^^
  File "/var/www/ufaa_reunify_mobile_backend/ufaa_env/lib/python3.12/site-packages/mssql/base.py", line 768, in execute
    return self.cursor.execute(sql, params)
           ^^^^^^^^^^^^^^^^^^^^^^^^^^^^^^^^
pyodbc.ProgrammingError: ('42S22', "[42S22] [Microsoft][ODBC Driver 18 for SQL Server][SQL Server]Invalid column name 'Claimant ID'. (207) (SQLExecDirectW)")

The above exception was the direct cause of the following exception:

Traceback (most recent call last):
  File "/var/www/ufaa_reunify_mobile_backend/ufaamobilebackend/apps/live_operations/views.py", line 148, in search_existing_claims
    if claims.count() == 0:
       ^^^^^^^^^^^^^^
  File "/var/www/ufaa_reunify_mobile_backend/ufaa_env/lib/python3.12/site-packages/django/db/models/query.py", line 610, in count
    return self.query.get_count(using=self.db)
           ^^^^^^^^^^^^^^^^^^^^^^^^^^^^^^^^^^^
  File "/var/www/ufaa_reunify_mobile_backend/ufaa_env/lib/python3.12/site-packages/django/db/models/sql/query.py", line 656, in get_count
    return obj.get_aggregation(using, {"__count": Count("*")})["__count"]
           ^^^^^^^^^^^^^^^^^^^^^^^^^^^^^^^^^^^^^^^^^^^^^^^^^^^
  File "/var/www/ufaa_reunify_mobile_backend/ufaa_env/lib/python3.12/site-packages/django/db/models/sql/query.py", line 638, in get_aggregation
    result = compiler.execute_sql(SINGLE)
             ^^^^^^^^^^^^^^^^^^^^^^^^^^^^
  File "/var/www/ufaa_reunify_mobile_backend/ufaa_env/lib/python3.12/site-packages/django/db/models/sql/compiler.py", line 1624, in execute_sql
    cursor.execute(sql, params)
  File "/var/www/ufaa_reunify_mobile_backend/ufaa_env/lib/python3.12/site-packages/django/db/backends/utils.py", line 122, in execute
    return super().execute(sql, params)
           ^^^^^^^^^^^^^^^^^^^^^^^^^^^^
  File "/var/www/ufaa_reunify_mobile_backend/ufaa_env/lib/python3.12/site-packages/django/db/backends/utils.py", line 79, in execute
    return self._execute_with_wrappers(
           ^^^^^^^^^^^^^^^^^^^^^^^^^^^^
  File "/var/www/ufaa_reunify_mobile_backend/ufaa_env/lib/python3.12/site-packages/django/db/backends/utils.py", line 92, in _execute_with_wrappers
    return executor(sql, params, many, context)
           ^^^^^^^^^^^^^^^^^^^^^^^^^^^^^^^^^^^^
  File "/var/www/ufaa_reunify_mobile_backend/ufaa_env/lib/python3.12/site-packages/django/db/backends/utils.py", line 100, in _execute
    with self.db.wrap_database_errors:
  File "/var/www/ufaa_reunify_mobile_backend/ufaa_env/lib/python3.12/site-packages/django/db/utils.py", line 94, in __exit__
    raise dj_exc_value.with_traceback(traceback) from exc_value
  File "/var/www/ufaa_reunify_mobile_backend/ufaa_env/lib/python3.12/site-packages/django/db/backends/utils.py", line 105, in _execute
    return self.cursor.execute(sql, params)
           ^^^^^^^^^^^^^^^^^^^^^^^^^^^^^^^^
  File "/var/www/ufaa_reunify_mobile_backend/ufaa_env/lib/python3.12/site-packages/mssql/base.py", line 768, in execute
    return self.cursor.execute(sql, params)
           ^^^^^^^^^^^^^^^^^^^^^^^^^^^^^^^^
django.db.utils.ProgrammingError: ('42S22', "[42S22] [Microsoft][ODBC Driver 18 for SQL Server][SQL Server]Invalid column name 'Claimant ID'. (207) (SQLExecDirectW)")

ERROR 2026-06-19 16:04:24,286 views 1855000 131713805021312 Error in advanced search: ('42S22', "[42S22] [Microsoft][ODBC Driver 18 for SQL Server][SQL Server]Invalid column name 'Claimant ID'. (207) (SQLExecDirectW)")
ERROR 2026-06-19 16:04:24,286 views 1855000 131713805021312 Traceback: Traceback (most recent call last):
  File "/var/www/ufaa_reunify_mobile_backend/ufaa_env/lib/python3.12/site-packages/django/db/backends/utils.py", line 105, in _execute
    return self.cursor.execute(sql, params)
           ^^^^^^^^^^^^^^^^^^^^^^^^^^^^^^^^
  File "/var/www/ufaa_reunify_mobile_backend/ufaa_env/lib/python3.12/site-packages/mssql/base.py", line 768, in execute
    return self.cursor.execute(sql, params)
           ^^^^^^^^^^^^^^^^^^^^^^^^^^^^^^^^
pyodbc.ProgrammingError: ('42S22', "[42S22] [Microsoft][ODBC Driver 18 for SQL Server][SQL Server]Invalid column name 'Claimant ID'. (207) (SQLExecDirectW)")

The above exception was the direct cause of the following exception:

Traceback (most recent call last):
  File "/var/www/ufaa_reunify_mobile_backend/ufaamobilebackend/apps/live_operations/views.py", line 389, in search_existing_claims_advanced
    logger.info(f"Advanced search found {claims.count()} claims for identifier: {identifier}")
                                         ^^^^^^^^^^^^^^
  File "/var/www/ufaa_reunify_mobile_backend/ufaa_env/lib/python3.12/site-packages/django/db/models/query.py", line 610, in count
    return self.query.get_count(using=self.db)
           ^^^^^^^^^^^^^^^^^^^^^^^^^^^^^^^^^^^
  File "/var/www/ufaa_reunify_mobile_backend/ufaa_env/lib/python3.12/site-packages/django/db/models/sql/query.py", line 656, in get_count
    return obj.get_aggregation(using, {"__count": Count("*")})["__count"]
           ^^^^^^^^^^^^^^^^^^^^^^^^^^^^^^^^^^^^^^^^^^^^^^^^^^^
  File "/var/www/ufaa_reunify_mobile_backend/ufaa_env/lib/python3.12/site-packages/django/db/models/sql/query.py", line 638, in get_aggregation
    result = compiler.execute_sql(SINGLE)
             ^^^^^^^^^^^^^^^^^^^^^^^^^^^^
  File "/var/www/ufaa_reunify_mobile_backend/ufaa_env/lib/python3.12/site-packages/django/db/models/sql/compiler.py", line 1624, in execute_sql
    cursor.execute(sql, params)
  File "/var/www/ufaa_reunify_mobile_backend/ufaa_env/lib/python3.12/site-packages/django/db/backends/utils.py", line 122, in execute
    return super().execute(sql, params)
           ^^^^^^^^^^^^^^^^^^^^^^^^^^^^
  File "/var/www/ufaa_reunify_mobile_backend/ufaa_env/lib/python3.12/site-packages/django/db/backends/utils.py", line 79, in execute
    return self._execute_with_wrappers(
           ^^^^^^^^^^^^^^^^^^^^^^^^^^^^
  File "/var/www/ufaa_reunify_mobile_backend/ufaa_env/lib/python3.12/site-packages/django/db/backends/utils.py", line 92, in _execute_with_wrappers
    return executor(sql, params, many, context)
           ^^^^^^^^^^^^^^^^^^^^^^^^^^^^^^^^^^^^
  File "/var/www/ufaa_reunify_mobile_backend/ufaa_env/lib/python3.12/site-packages/django/db/backends/utils.py", line 100, in _execute
    with self.db.wrap_database_errors:
  File "/var/www/ufaa_reunify_mobile_backend/ufaa_env/lib/python3.12/site-packages/django/db/utils.py", line 94, in __exit__
    raise dj_exc_value.with_traceback(traceback) from exc_value
  File "/var/www/ufaa_reunify_mobile_backend/ufaa_env/lib/python3.12/site-packages/django/db/backends/utils.py", line 105, in _execute
    return self.cursor.execute(sql, params)
           ^^^^^^^^^^^^^^^^^^^^^^^^^^^^^^^^
  File "/var/www/ufaa_reunify_mobile_backend/ufaa_env/lib/python3.12/site-packages/mssql/base.py", line 768, in execute
    return self.cursor.execute(sql, params)
           ^^^^^^^^^^^^^^^^^^^^^^^^^^^^^^^^
django.db.utils.ProgrammingError: ('42S22', "[42S22] [Microsoft][ODBC Driver 18 for SQL Server][SQL Server]Invalid column name 'Claimant ID'. (207) (SQLExecDirectW)")

ERROR 2026-06-19 16:15:28,029 views 1855368 133734713376896 Connection test failed: ('42S22', "[42S22] [Microsoft][ODBC Driver 18 for SQL Server][SQL Server]Invalid column name 'Portal Comments'. (207) (SQLExecDirectW)")
ERROR 2026-06-19 16:15:28,029 views 1855368 133734713376896 Traceback: Traceback (most recent call last):
  File "/var/www/ufaa_reunify_mobile_backend/ufaa_env/lib/python3.12/site-packages/django/db/backends/utils.py", line 105, in _execute
    return self.cursor.execute(sql, params)
           ^^^^^^^^^^^^^^^^^^^^^^^^^^^^^^^^
  File "/var/www/ufaa_reunify_mobile_backend/ufaa_env/lib/python3.12/site-packages/mssql/base.py", line 768, in execute
    return self.cursor.execute(sql, params)
           ^^^^^^^^^^^^^^^^^^^^^^^^^^^^^^^^
pyodbc.ProgrammingError: ('42S22', "[42S22] [Microsoft][ODBC Driver 18 for SQL Server][SQL Server]Invalid column name 'Portal Comments'. (207) (SQLExecDirectW)")

The above exception was the direct cause of the following exception:

Traceback (most recent call last):
  File "/var/www/ufaa_reunify_mobile_backend/ufaamobilebackend/apps/live_operations/views.py", line 34, in test_live_connection
    first_record = LiveOnlineClaim.objects.first()
                   ^^^^^^^^^^^^^^^^^^^^^^^^^^^^^^^
  File "/var/www/ufaa_reunify_mobile_backend/ufaa_env/lib/python3.12/site-packages/django/db/models/manager.py", line 87, in manager_method
    return getattr(self.get_queryset(), name)(*args, **kwargs)
           ^^^^^^^^^^^^^^^^^^^^^^^^^^^^^^^^^^^^^^^^^^^^^^^^^^^
  File "/var/www/ufaa_reunify_mobile_backend/ufaa_env/lib/python3.12/site-packages/django/db/models/query.py", line 1145, in first
    for obj in queryset[:1]:
  File "/var/www/ufaa_reunify_mobile_backend/ufaa_env/lib/python3.12/site-packages/django/db/models/query.py", line 390, in __iter__
    self._fetch_all()
  File "/var/www/ufaa_reunify_mobile_backend/ufaa_env/lib/python3.12/site-packages/django/db/models/query.py", line 2000, in _fetch_all
    self._result_cache = list(self._iterable_class(self))
                         ^^^^^^^^^^^^^^^^^^^^^^^^^^^^^^^^
  File "/var/www/ufaa_reunify_mobile_backend/ufaa_env/lib/python3.12/site-packages/django/db/models/query.py", line 95, in __iter__
    results = compiler.execute_sql(
              ^^^^^^^^^^^^^^^^^^^^^
  File "/var/www/ufaa_reunify_mobile_backend/ufaa_env/lib/python3.12/site-packages/django/db/models/sql/compiler.py", line 1624, in execute_sql
    cursor.execute(sql, params)
  File "/var/www/ufaa_reunify_mobile_backend/ufaa_env/lib/python3.12/site-packages/django/db/backends/utils.py", line 122, in execute
    return super().execute(sql, params)
           ^^^^^^^^^^^^^^^^^^^^^^^^^^^^
  File "/var/www/ufaa_reunify_mobile_backend/ufaa_env/lib/python3.12/site-packages/django/db/backends/utils.py", line 79, in execute
    return self._execute_with_wrappers(
           ^^^^^^^^^^^^^^^^^^^^^^^^^^^^
  File "/var/www/ufaa_reunify_mobile_backend/ufaa_env/lib/python3.12/site-packages/django/db/backends/utils.py", line 92, in _execute_with_wrappers
    return executor(sql, params, many, context)
           ^^^^^^^^^^^^^^^^^^^^^^^^^^^^^^^^^^^^
  File "/var/www/ufaa_reunify_mobile_backend/ufaa_env/lib/python3.12/site-packages/django/db/backends/utils.py", line 100, in _execute
    with self.db.wrap_database_errors:
  File "/var/www/ufaa_reunify_mobile_backend/ufaa_env/lib/python3.12/site-packages/django/db/utils.py", line 94, in __exit__
    raise dj_exc_value.with_traceback(traceback) from exc_value
  File "/var/www/ufaa_reunify_mobile_backend/ufaa_env/lib/python3.12/site-packages/django/db/backends/utils.py", line 105, in _execute
    return self.cursor.execute(sql, params)
           ^^^^^^^^^^^^^^^^^^^^^^^^^^^^^^^^
  File "/var/www/ufaa_reunify_mobile_backend/ufaa_env/lib/python3.12/site-packages/mssql/base.py", line 768, in execute
    return self.cursor.execute(sql, params)
           ^^^^^^^^^^^^^^^^^^^^^^^^^^^^^^^^
django.db.utils.ProgrammingError: ('42S22', "[42S22] [Microsoft][ODBC Driver 18 for SQL Server][SQL Server]Invalid column name 'Portal Comments'. (207) (SQLExecDirectW)")

ERROR 2026-06-19 16:15:54,972 views 1855368 133734713376896 Error checking data: ('42S22', "[42S22] [Microsoft][ODBC Driver 18 for SQL Server][SQL Server]Invalid column name 'Portal Comments'. (207) (SQLExecDirectW)")
ERROR 2026-06-19 16:15:54,973 views 1855368 133734713376896 Traceback: Traceback (most recent call last):
  File "/var/www/ufaa_reunify_mobile_backend/ufaa_env/lib/python3.12/site-packages/django/db/backends/utils.py", line 105, in _execute
    return self.cursor.execute(sql, params)
           ^^^^^^^^^^^^^^^^^^^^^^^^^^^^^^^^
  File "/var/www/ufaa_reunify_mobile_backend/ufaa_env/lib/python3.12/site-packages/mssql/base.py", line 768, in execute
    return self.cursor.execute(sql, params)
           ^^^^^^^^^^^^^^^^^^^^^^^^^^^^^^^^
pyodbc.ProgrammingError: ('42S22', "[42S22] [Microsoft][ODBC Driver 18 for SQL Server][SQL Server]Invalid column name 'Portal Comments'. (207) (SQLExecDirectW)")

The above exception was the direct cause of the following exception:

Traceback (most recent call last):
  File "/var/www/ufaa_reunify_mobile_backend/ufaamobilebackend/apps/live_operations/views.py", line 694, in check_data_fields
    for s in samples:
  File "/var/www/ufaa_reunify_mobile_backend/ufaa_env/lib/python3.12/site-packages/django/db/models/query.py", line 390, in __iter__
    self._fetch_all()
  File "/var/www/ufaa_reunify_mobile_backend/ufaa_env/lib/python3.12/site-packages/django/db/models/query.py", line 2000, in _fetch_all
    self._result_cache = list(self._iterable_class(self))
                         ^^^^^^^^^^^^^^^^^^^^^^^^^^^^^^^^
  File "/var/www/ufaa_reunify_mobile_backend/ufaa_env/lib/python3.12/site-packages/django/db/models/query.py", line 95, in __iter__
    results = compiler.execute_sql(
              ^^^^^^^^^^^^^^^^^^^^^
  File "/var/www/ufaa_reunify_mobile_backend/ufaa_env/lib/python3.12/site-packages/django/db/models/sql/compiler.py", line 1624, in execute_sql
    cursor.execute(sql, params)
  File "/var/www/ufaa_reunify_mobile_backend/ufaa_env/lib/python3.12/site-packages/django/db/backends/utils.py", line 122, in execute
    return super().execute(sql, params)
           ^^^^^^^^^^^^^^^^^^^^^^^^^^^^
  File "/var/www/ufaa_reunify_mobile_backend/ufaa_env/lib/python3.12/site-packages/django/db/backends/utils.py", line 79, in execute
    return self._execute_with_wrappers(
           ^^^^^^^^^^^^^^^^^^^^^^^^^^^^
  File "/var/www/ufaa_reunify_mobile_backend/ufaa_env/lib/python3.12/site-packages/django/db/backends/utils.py", line 92, in _execute_with_wrappers
    return executor(sql, params, many, context)
           ^^^^^^^^^^^^^^^^^^^^^^^^^^^^^^^^^^^^
  File "/var/www/ufaa_reunify_mobile_backend/ufaa_env/lib/python3.12/site-packages/django/db/backends/utils.py", line 100, in _execute
    with self.db.wrap_database_errors:
  File "/var/www/ufaa_reunify_mobile_backend/ufaa_env/lib/python3.12/site-packages/django/db/utils.py", line 94, in __exit__
    raise dj_exc_value.with_traceback(traceback) from exc_value
  File "/var/www/ufaa_reunify_mobile_backend/ufaa_env/lib/python3.12/site-packages/django/db/backends/utils.py", line 105, in _execute
    return self.cursor.execute(sql, params)
           ^^^^^^^^^^^^^^^^^^^^^^^^^^^^^^^^
  File "/var/www/ufaa_reunify_mobile_backend/ufaa_env/lib/python3.12/site-packages/mssql/base.py", line 768, in execute
    return self.cursor.execute(sql, params)
           ^^^^^^^^^^^^^^^^^^^^^^^^^^^^^^^^
django.db.utils.ProgrammingError: ('42S22', "[42S22] [Microsoft][ODBC Driver 18 for SQL Server][SQL Server]Invalid column name 'Portal Comments'. (207) (SQLExecDirectW)")

ERROR 2026-06-19 16:26:48,894 views 1855370 133734713376896 Error checking data: ('42S22', "[42S22] [Microsoft][ODBC Driver 18 for SQL Server][SQL Server]Invalid column name 'Portal Comments'. (207) (SQLExecDirectW)")
ERROR 2026-06-19 16:26:48,894 views 1855370 133734713376896 Traceback: Traceback (most recent call last):
  File "/var/www/ufaa_reunify_mobile_backend/ufaa_env/lib/python3.12/site-packages/django/db/backends/utils.py", line 105, in _execute
    return self.cursor.execute(sql, params)
           ^^^^^^^^^^^^^^^^^^^^^^^^^^^^^^^^
  File "/var/www/ufaa_reunify_mobile_backend/ufaa_env/lib/python3.12/site-packages/mssql/base.py", line 768, in execute
    return self.cursor.execute(sql, params)
           ^^^^^^^^^^^^^^^^^^^^^^^^^^^^^^^^
pyodbc.ProgrammingError: ('42S22', "[42S22] [Microsoft][ODBC Driver 18 for SQL Server][SQL Server]Invalid column name 'Portal Comments'. (207) (SQLExecDirectW)")

The above exception was the direct cause of the following exception:

Traceback (most recent call last):
  File "/var/www/ufaa_reunify_mobile_backend/ufaamobilebackend/apps/live_operations/views.py", line 694, in check_data_fields
    for s in samples:
  File "/var/www/ufaa_reunify_mobile_backend/ufaa_env/lib/python3.12/site-packages/django/db/models/query.py", line 390, in __iter__
    self._fetch_all()
  File "/var/www/ufaa_reunify_mobile_backend/ufaa_env/lib/python3.12/site-packages/django/db/models/query.py", line 2000, in _fetch_all
    self._result_cache = list(self._iterable_class(self))
                         ^^^^^^^^^^^^^^^^^^^^^^^^^^^^^^^^
  File "/var/www/ufaa_reunify_mobile_backend/ufaa_env/lib/python3.12/site-packages/django/db/models/query.py", line 95, in __iter__
    results = compiler.execute_sql(
              ^^^^^^^^^^^^^^^^^^^^^
  File "/var/www/ufaa_reunify_mobile_backend/ufaa_env/lib/python3.12/site-packages/django/db/models/sql/compiler.py", line 1624, in execute_sql
    cursor.execute(sql, params)
  File "/var/www/ufaa_reunify_mobile_backend/ufaa_env/lib/python3.12/site-packages/django/db/backends/utils.py", line 122, in execute
    return super().execute(sql, params)
           ^^^^^^^^^^^^^^^^^^^^^^^^^^^^
  File "/var/www/ufaa_reunify_mobile_backend/ufaa_env/lib/python3.12/site-packages/django/db/backends/utils.py", line 79, in execute
    return self._execute_with_wrappers(
           ^^^^^^^^^^^^^^^^^^^^^^^^^^^^
  File "/var/www/ufaa_reunify_mobile_backend/ufaa_env/lib/python3.12/site-packages/django/db/backends/utils.py", line 92, in _execute_with_wrappers
    return executor(sql, params, many, context)
           ^^^^^^^^^^^^^^^^^^^^^^^^^^^^^^^^^^^^
  File "/var/www/ufaa_reunify_mobile_backend/ufaa_env/lib/python3.12/site-packages/django/db/backends/utils.py", line 100, in _execute
    with self.db.wrap_database_errors:
  File "/var/www/ufaa_reunify_mobile_backend/ufaa_env/lib/python3.12/site-packages/django/db/utils.py", line 94, in __exit__
    raise dj_exc_value.with_traceback(traceback) from exc_value
  File "/var/www/ufaa_reunify_mobile_backend/ufaa_env/lib/python3.12/site-packages/django/db/backends/utils.py", line 105, in _execute
    return self.cursor.execute(sql, params)
           ^^^^^^^^^^^^^^^^^^^^^^^^^^^^^^^^
  File "/var/www/ufaa_reunify_mobile_backend/ufaa_env/lib/python3.12/site-packages/mssql/base.py", line 768, in execute
    return self.cursor.execute(sql, params)
           ^^^^^^^^^^^^^^^^^^^^^^^^^^^^^^^^
django.db.utils.ProgrammingError: ('42S22', "[42S22] [Microsoft][ODBC Driver 18 for SQL Server][SQL Server]Invalid column name 'Portal Comments'. (207) (SQLExecDirectW)")

ERROR 2026-06-19 16:38:34,687 views 1856079 123514386993280 Error in universal search: 'list' object has no attribute 'query'
ERROR 2026-06-19 16:38:34,687 views 1856079 123514386993280 Traceback: Traceback (most recent call last):
  File "/var/www/ufaa_reunify_mobile_backend/ufaamobilebackend/apps/live_operations/views.py", line 87, in search_claims_universal
    all_claims = claims | cds_claims
                 ~~~~~~~^~~~~~~~~~~~
  File "/var/www/ufaa_reunify_mobile_backend/ufaa_env/lib/python3.12/site-packages/django/db/models/query.py", line 460, in __or__
    self._check_operator_queryset(other, "|")
  File "/var/www/ufaa_reunify_mobile_backend/ufaa_env/lib/python3.12/site-packages/django/db/models/query.py", line 2081, in _check_operator_queryset
    if self.query.combinator or other.query.combinator:
                                ^^^^^^^^^^^
AttributeError: 'list' object has no attribute 'query'

ERROR 2026-06-19 16:39:09,918 views 1856078 123514386993280 Error in universal search: 'list' object has no attribute 'query'
ERROR 2026-06-19 16:39:09,919 views 1856078 123514386993280 Traceback: Traceback (most recent call last):
  File "/var/www/ufaa_reunify_mobile_backend/ufaamobilebackend/apps/live_operations/views.py", line 87, in search_claims_universal
    all_claims = claims | cds_claims
                 ~~~~~~~^~~~~~~~~~~~
  File "/var/www/ufaa_reunify_mobile_backend/ufaa_env/lib/python3.12/site-packages/django/db/models/query.py", line 460, in __or__
    self._check_operator_queryset(other, "|")
  File "/var/www/ufaa_reunify_mobile_backend/ufaa_env/lib/python3.12/site-packages/django/db/models/query.py", line 2081, in _check_operator_queryset
    if self.query.combinator or other.query.combinator:
                                ^^^^^^^^^^^
AttributeError: 'list' object has no attribute 'query'

ERROR 2026-06-23 09:48:28,833 tasks 2015502 138745365176448 Error in push_pending_claims_to_live task: type object 'LiveDatabaseService' has no attribute 'push_pending_claims_to_live'
ERROR 2026-06-23 09:53:27,385 tasks 2015698 128950383976576 Error in push_pending_claims_to_live task: type object 'LiveDatabaseService' has no attribute 'push_pending_claims_to_live'
ERROR 2026-06-23 09:54:35,306 tasks 2015775 125715380191360 Error in push_pending_claims_to_live task: type object 'LiveDatabaseService' has no attribute 'push_pending_claims_to_live'
ERROR 2026-06-23 10:01:48,449 services 2016044 127823350763648 Error pushing claim to live database: type object 'LiveDatabaseService' has no attribute 'CLAIM_ORIGIN_MAPPING'
ERROR 2026-06-23 10:01:48,468 services 2016044 127823350763648 Error pushing claim to live database: type object 'LiveDatabaseService' has no attribute 'CLAIM_ORIGIN_MAPPING'
ERROR 2026-06-23 10:01:48,488 services 2016044 127823350763648 Error pushing claim to live database: type object 'LiveDatabaseService' has no attribute 'CLAIM_ORIGIN_MAPPING'
ERROR 2026-06-23 10:01:48,514 services 2016044 127823350763648 Error pushing claim to live database: type object 'LiveDatabaseService' has no attribute 'CLAIM_ORIGIN_MAPPING'
ERROR 2026-06-23 10:01:48,539 services 2016044 127823350763648 Error pushing claim to live database: type object 'LiveDatabaseService' has no attribute 'CLAIM_ORIGIN_MAPPING'
ERROR 2026-06-23 10:01:48,560 services 2016044 127823350763648 Error pushing claim to live database: type object 'LiveDatabaseService' has no attribute 'CLAIM_ORIGIN_MAPPING'
ERROR 2026-06-23 10:01:48,581 services 2016044 127823350763648 Error pushing claim to live database: type object 'LiveDatabaseService' has no attribute 'CLAIM_ORIGIN_MAPPING'
ERROR 2026-06-23 10:01:48,599 services 2016044 127823350763648 Error pushing claim to live database: type object 'LiveDatabaseService' has no attribute 'CLAIM_ORIGIN_MAPPING'
ERROR 2026-06-23 10:01:48,759 services 2016044 127823350763648 Error pushing claim to live database: type object 'LiveDatabaseService' has no attribute 'CLAIM_ORIGIN_MAPPING'
ERROR 2026-06-23 10:01:48,787 services 2016044 127823350763648 Error pushing claim to live database: type object 'LiveDatabaseService' has no attribute 'CLAIM_ORIGIN_MAPPING'
ERROR 2026-06-23 10:01:48,804 services 2016044 127823350763648 Error pushing claim to live database: type object 'LiveDatabaseService' has no attribute 'CLAIM_ORIGIN_MAPPING'
ERROR 2026-06-23 10:01:48,825 services 2016044 127823350763648 Error pushing claim to live database: type object 'LiveDatabaseService' has no attribute 'CLAIM_ORIGIN_MAPPING'
ERROR 2026-06-23 10:06:43,274 services 2016232 132630275907712 Error pushing claim to live database: ('42000', "[42000] [Microsoft][ODBC Driver 18 for SQL Server][SQL Server]The INSERT permission was denied on the object 'UFAA OPERATIONS$Online Claim$2636ffcf-1aea-4b3a-808a-c1da12e824c1', database 'UFAAv24', schema 'dbo'. (229) (SQLExecDirectW)")
ERROR 2026-06-23 10:06:43,324 services 2016232 132630275907712 Error pushing claim to live database: ('42000', "[42000] [Microsoft][ODBC Driver 18 for SQL Server][SQL Server]The INSERT permission was denied on the object 'UFAA OPERATIONS$Online Claim$2636ffcf-1aea-4b3a-808a-c1da12e824c1', database 'UFAAv24', schema 'dbo'. (229) (SQLExecDirectW)")
ERROR 2026-06-23 10:06:43,359 services 2016232 132630275907712 Error pushing claim to live database: ('42000', "[42000] [Microsoft][ODBC Driver 18 for SQL Server][SQL Server]The INSERT permission was denied on the object 'UFAA OPERATIONS$Online Claim$2636ffcf-1aea-4b3a-808a-c1da12e824c1', database 'UFAAv24', schema 'dbo'. (229) (SQLExecDirectW)")
ERROR 2026-06-23 10:06:43,393 services 2016232 132630275907712 Error pushing claim to live database: ('42000', "[42000] [Microsoft][ODBC Driver 18 for SQL Server][SQL Server]The INSERT permission was denied on the object 'UFAA OPERATIONS$Online Claim$2636ffcf-1aea-4b3a-808a-c1da12e824c1', database 'UFAAv24', schema 'dbo'. (229) (SQLExecDirectW)")
ERROR 2026-06-23 10:06:43,424 services 2016232 132630275907712 Error pushing claim to live database: ('42000', "[42000] [Microsoft][ODBC Driver 18 for SQL Server][SQL Server]The INSERT permission was denied on the object 'UFAA OPERATIONS$Online Claim$2636ffcf-1aea-4b3a-808a-c1da12e824c1', database 'UFAAv24', schema 'dbo'. (229) (SQLExecDirectW)")
ERROR 2026-06-23 10:06:43,468 services 2016232 132630275907712 Error pushing claim to live database: ('42000', "[42000] [Microsoft][ODBC Driver 18 for SQL Server][SQL Server]The INSERT permission was denied on the object 'UFAA OPERATIONS$Online Claim$2636ffcf-1aea-4b3a-808a-c1da12e824c1', database 'UFAAv24', schema 'dbo'. (229) (SQLExecDirectW)")
ERROR 2026-06-23 10:06:43,515 services 2016232 132630275907712 Error pushing claim to live database: ('42000', "[42000] [Microsoft][ODBC Driver 18 for SQL Server][SQL Server]The INSERT permission was denied on the object 'UFAA OPERATIONS$Online Claim$2636ffcf-1aea-4b3a-808a-c1da12e824c1', database 'UFAAv24', schema 'dbo'. (229) (SQLExecDirectW)")
ERROR 2026-06-23 10:06:43,557 services 2016232 132630275907712 Error pushing claim to live database: ('42000', "[42000] [Microsoft][ODBC Driver 18 for SQL Server][SQL Server]The INSERT permission was denied on the object 'UFAA OPERATIONS$Online Claim$2636ffcf-1aea-4b3a-808a-c1da12e824c1', database 'UFAAv24', schema 'dbo'. (229) (SQLExecDirectW)")
ERROR 2026-06-23 10:06:43,621 services 2016232 132630275907712 Error pushing claim to live database: ('42000', "[42000] [Microsoft][ODBC Driver 18 for SQL Server][SQL Server]The INSERT permission was denied on the object 'UFAA OPERATIONS$Online Claim$2636ffcf-1aea-4b3a-808a-c1da12e824c1', database 'UFAAv24', schema 'dbo'. (229) (SQLExecDirectW)")
ERROR 2026-06-23 10:06:43,660 services 2016232 132630275907712 Error pushing claim to live database: ('42000', "[42000] [Microsoft][ODBC Driver 18 for SQL Server][SQL Server]The INSERT permission was denied on the object 'UFAA OPERATIONS$Online Claim$2636ffcf-1aea-4b3a-808a-c1da12e824c1', database 'UFAAv24', schema 'dbo'. (229) (SQLExecDirectW)")
ERROR 2026-06-23 10:06:43,713 services 2016232 132630275907712 Error pushing claim to live database: ('42000', "[42000] [Microsoft][ODBC Driver 18 for SQL Server][SQL Server]The INSERT permission was denied on the object 'UFAA OPERATIONS$Online Claim$2636ffcf-1aea-4b3a-808a-c1da12e824c1', database 'UFAAv24', schema 'dbo'. (229) (SQLExecDirectW)")
ERROR 2026-06-23 10:06:43,762 services 2016232 132630275907712 Error pushing claim to live database: ('42000', "[42000] [Microsoft][ODBC Driver 18 for SQL Server][SQL Server]The INSERT permission was denied on the object 'UFAA OPERATIONS$Online Claim$2636ffcf-1aea-4b3a-808a-c1da12e824c1', database 'UFAAv24', schema 'dbo'. (229) (SQLExecDirectW)")
ERROR 2026-06-23 11:21:41,904 services 2019183 129762093314176 Error pushing claim to live database: ('23000', "[23000] [Microsoft][ODBC Driver 18 for SQL Server][SQL Server]Cannot insert the value NULL into column 'Document Date', table 'UFAAv24.dbo.UFAA TRUST FUND$Online Claim$2636ffcf-1aea-4b3a-808a-c1da12e824c1'; column does not allow nulls. INSERT fails. (515) (SQLExecDirectW)")
ERROR 2026-06-23 11:21:41,945 services 2019183 129762093314176 Error pushing claim to live database: ('23000', "[23000] [Microsoft][ODBC Driver 18 for SQL Server][SQL Server]Cannot insert the value NULL into column 'Document Date', table 'UFAAv24.dbo.UFAA TRUST FUND$Online Claim$2636ffcf-1aea-4b3a-808a-c1da12e824c1'; column does not allow nulls. INSERT fails. (515) (SQLExecDirectW)")
ERROR 2026-06-23 11:21:41,971 services 2019183 129762093314176 Error pushing claim to live database: ('23000', "[23000] [Microsoft][ODBC Driver 18 for SQL Server][SQL Server]Cannot insert the value NULL into column 'Document Date', table 'UFAAv24.dbo.UFAA TRUST FUND$Online Claim$2636ffcf-1aea-4b3a-808a-c1da12e824c1'; column does not allow nulls. INSERT fails. (515) (SQLExecDirectW)")
ERROR 2026-06-23 11:21:41,992 services 2019183 129762093314176 Error pushing claim to live database: ('23000', "[23000] [Microsoft][ODBC Driver 18 for SQL Server][SQL Server]Cannot insert the value NULL into column 'Document Date', table 'UFAAv24.dbo.UFAA TRUST FUND$Online Claim$2636ffcf-1aea-4b3a-808a-c1da12e824c1'; column does not allow nulls. INSERT fails. (515) (SQLExecDirectW)")
ERROR 2026-06-23 11:21:42,013 services 2019183 129762093314176 Error pushing claim to live database: ('23000', "[23000] [Microsoft][ODBC Driver 18 for SQL Server][SQL Server]Cannot insert the value NULL into column 'Document Date', table 'UFAAv24.dbo.UFAA TRUST FUND$Online Claim$2636ffcf-1aea-4b3a-808a-c1da12e824c1'; column does not allow nulls. INSERT fails. (515) (SQLExecDirectW)")
ERROR 2026-06-23 11:21:42,055 services 2019183 129762093314176 Error pushing claim to live database: ('23000', "[23000] [Microsoft][ODBC Driver 18 for SQL Server][SQL Server]Cannot insert the value NULL into column 'Document Date', table 'UFAAv24.dbo.UFAA TRUST FUND$Online Claim$2636ffcf-1aea-4b3a-808a-c1da12e824c1'; column does not allow nulls. INSERT fails. (515) (SQLExecDirectW)")
ERROR 2026-06-23 11:21:42,095 services 2019183 129762093314176 Error pushing claim to live database: ('23000', "[23000] [Microsoft][ODBC Driver 18 for SQL Server][SQL Server]Cannot insert the value NULL into column 'Document Date', table 'UFAAv24.dbo.UFAA TRUST FUND$Online Claim$2636ffcf-1aea-4b3a-808a-c1da12e824c1'; column does not allow nulls. INSERT fails. (515) (SQLExecDirectW)")
ERROR 2026-06-23 11:21:42,130 services 2019183 129762093314176 Error pushing claim to live database: ('23000', "[23000] [Microsoft][ODBC Driver 18 for SQL Server][SQL Server]Cannot insert the value NULL into column 'Document Date', table 'UFAAv24.dbo.UFAA TRUST FUND$Online Claim$2636ffcf-1aea-4b3a-808a-c1da12e824c1'; column does not allow nulls. INSERT fails. (515) (SQLExecDirectW)")
ERROR 2026-06-23 11:21:42,165 services 2019183 129762093314176 Error pushing claim to live database: ('42000', "[42000] [Microsoft][ODBC Driver 18 for SQL Server][SQL Server]String or binary data would be truncated in table 'UFAAv24.dbo.UFAA TRUST FUND$Online Claim$2636ffcf-1aea-4b3a-808a-c1da12e824c1', column 'No_'. Truncated value: 'CLM-27457180-1780047'. (2628) (SQLExecDirectW)")
ERROR 2026-06-23 11:21:42,194 services 2019183 129762093314176 Error pushing claim to live database: ('42000', "[42000] [Microsoft][ODBC Driver 18 for SQL Server][SQL Server]String or binary data would be truncated in table 'UFAAv24.dbo.UFAA TRUST FUND$Online Claim$2636ffcf-1aea-4b3a-808a-c1da12e824c1', column 'No_'. Truncated value: 'CLM-27457180-1780047'. (2628) (SQLExecDirectW)")
ERROR 2026-06-23 11:21:42,241 services 2019183 129762093314176 Error pushing claim to live database: ('42000', "[42000] [Microsoft][ODBC Driver 18 for SQL Server][SQL Server]String or binary data would be truncated in table 'UFAAv24.dbo.UFAA TRUST FUND$Online Claim$2636ffcf-1aea-4b3a-808a-c1da12e824c1', column 'No_'. Truncated value: 'CLM-27457180-1779903'. (2628) (SQLExecDirectW)")
ERROR 2026-06-23 11:21:42,301 services 2019183 129762093314176 Error pushing claim to live database: ('42000', "[42000] [Microsoft][ODBC Driver 18 for SQL Server][SQL Server]String or binary data would be truncated in table 'UFAAv24.dbo.UFAA TRUST FUND$Online Claim$2636ffcf-1aea-4b3a-808a-c1da12e824c1', column 'No_'. Truncated value: 'CLM-12345678-1779796'. (2628) (SQLExecDirectW)")
ERROR 2026-06-23 11:58:01,735 services 2020668 125432199245952 Error pushing claim to live database: ('42S22', "[42S22] [Microsoft][ODBC Driver 18 for SQL Server][SQL Server]Invalid column name 'No_'. (207) (SQLExecDirectW)")
ERROR 2026-06-23 11:58:01,736 services 2020668 125432199245952 Traceback: Traceback (most recent call last):
  File "/var/www/ufaa_reunify_mobile_backend/ufaa_env/lib/python3.12/site-packages/django/db/backends/utils.py", line 105, in _execute
    return self.cursor.execute(sql, params)
           ^^^^^^^^^^^^^^^^^^^^^^^^^^^^^^^^
  File "/var/www/ufaa_reunify_mobile_backend/ufaa_env/lib/python3.12/site-packages/mssql/base.py", line 768, in execute
    return self.cursor.execute(sql, params)
           ^^^^^^^^^^^^^^^^^^^^^^^^^^^^^^^^
pyodbc.ProgrammingError: ('42S22', "[42S22] [Microsoft][ODBC Driver 18 for SQL Server][SQL Server]Invalid column name 'No_'. (207) (SQLExecDirectW)")

The above exception was the direct cause of the following exception:

Traceback (most recent call last):
  File "/var/www/ufaa_reunify_mobile_backend/ufaamobilebackend/apps/live_operations/services.py", line 535, in push_claim_to_live
    cursor.execute(insert_asset_sql, [
  File "/var/www/ufaa_reunify_mobile_backend/ufaa_env/lib/python3.12/site-packages/django/db/backends/utils.py", line 122, in execute
    return super().execute(sql, params)
           ^^^^^^^^^^^^^^^^^^^^^^^^^^^^
  File "/var/www/ufaa_reunify_mobile_backend/ufaa_env/lib/python3.12/site-packages/django/db/backends/utils.py", line 79, in execute
    return self._execute_with_wrappers(
           ^^^^^^^^^^^^^^^^^^^^^^^^^^^^
  File "/var/www/ufaa_reunify_mobile_backend/ufaa_env/lib/python3.12/site-packages/django/db/backends/utils.py", line 92, in _execute_with_wrappers
    return executor(sql, params, many, context)
           ^^^^^^^^^^^^^^^^^^^^^^^^^^^^^^^^^^^^
  File "/var/www/ufaa_reunify_mobile_backend/ufaa_env/lib/python3.12/site-packages/django/db/backends/utils.py", line 100, in _execute
    with self.db.wrap_database_errors:
  File "/var/www/ufaa_reunify_mobile_backend/ufaa_env/lib/python3.12/site-packages/django/db/utils.py", line 94, in __exit__
    raise dj_exc_value.with_traceback(traceback) from exc_value
  File "/var/www/ufaa_reunify_mobile_backend/ufaa_env/lib/python3.12/site-packages/django/db/backends/utils.py", line 105, in _execute
    return self.cursor.execute(sql, params)
           ^^^^^^^^^^^^^^^^^^^^^^^^^^^^^^^^
  File "/var/www/ufaa_reunify_mobile_backend/ufaa_env/lib/python3.12/site-packages/mssql/base.py", line 768, in execute
    return self.cursor.execute(sql, params)
           ^^^^^^^^^^^^^^^^^^^^^^^^^^^^^^^^
django.db.utils.ProgrammingError: ('42S22', "[42S22] [Microsoft][ODBC Driver 18 for SQL Server][SQL Server]Invalid column name 'No_'. (207) (SQLExecDirectW)")

ERROR 2026-06-23 11:58:01,779 services 2020668 125432199245952 Error pushing claim to live database: ('42S22', "[42S22] [Microsoft][ODBC Driver 18 for SQL Server][SQL Server]Invalid column name 'No_'. (207) (SQLExecDirectW)")
ERROR 2026-06-23 11:58:01,780 services 2020668 125432199245952 Traceback: Traceback (most recent call last):
  File "/var/www/ufaa_reunify_mobile_backend/ufaa_env/lib/python3.12/site-packages/django/db/backends/utils.py", line 105, in _execute
    return self.cursor.execute(sql, params)
           ^^^^^^^^^^^^^^^^^^^^^^^^^^^^^^^^
  File "/var/www/ufaa_reunify_mobile_backend/ufaa_env/lib/python3.12/site-packages/mssql/base.py", line 768, in execute
    return self.cursor.execute(sql, params)
           ^^^^^^^^^^^^^^^^^^^^^^^^^^^^^^^^
pyodbc.ProgrammingError: ('42S22', "[42S22] [Microsoft][ODBC Driver 18 for SQL Server][SQL Server]Invalid column name 'No_'. (207) (SQLExecDirectW)")

The above exception was the direct cause of the following exception:

Traceback (most recent call last):
  File "/var/www/ufaa_reunify_mobile_backend/ufaamobilebackend/apps/live_operations/services.py", line 535, in push_claim_to_live
    cursor.execute(insert_asset_sql, [
  File "/var/www/ufaa_reunify_mobile_backend/ufaa_env/lib/python3.12/site-packages/django/db/backends/utils.py", line 122, in execute
    return super().execute(sql, params)
           ^^^^^^^^^^^^^^^^^^^^^^^^^^^^
  File "/var/www/ufaa_reunify_mobile_backend/ufaa_env/lib/python3.12/site-packages/django/db/backends/utils.py", line 79, in execute
    return self._execute_with_wrappers(
           ^^^^^^^^^^^^^^^^^^^^^^^^^^^^
  File "/var/www/ufaa_reunify_mobile_backend/ufaa_env/lib/python3.12/site-packages/django/db/backends/utils.py", line 92, in _execute_with_wrappers
    return executor(sql, params, many, context)
           ^^^^^^^^^^^^^^^^^^^^^^^^^^^^^^^^^^^^
  File "/var/www/ufaa_reunify_mobile_backend/ufaa_env/lib/python3.12/site-packages/django/db/backends/utils.py", line 100, in _execute
    with self.db.wrap_database_errors:
  File "/var/www/ufaa_reunify_mobile_backend/ufaa_env/lib/python3.12/site-packages/django/db/utils.py", line 94, in __exit__
    raise dj_exc_value.with_traceback(traceback) from exc_value
  File "/var/www/ufaa_reunify_mobile_backend/ufaa_env/lib/python3.12/site-packages/django/db/backends/utils.py", line 105, in _execute
    return self.cursor.execute(sql, params)
           ^^^^^^^^^^^^^^^^^^^^^^^^^^^^^^^^
  File "/var/www/ufaa_reunify_mobile_backend/ufaa_env/lib/python3.12/site-packages/mssql/base.py", line 768, in execute
    return self.cursor.execute(sql, params)
           ^^^^^^^^^^^^^^^^^^^^^^^^^^^^^^^^
django.db.utils.ProgrammingError: ('42S22', "[42S22] [Microsoft][ODBC Driver 18 for SQL Server][SQL Server]Invalid column name 'No_'. (207) (SQLExecDirectW)")

ERROR 2026-06-23 11:58:01,802 services 2020668 125432199245952 Error pushing claim to live database: ('42S22', "[42S22] [Microsoft][ODBC Driver 18 for SQL Server][SQL Server]Invalid column name 'No_'. (207) (SQLExecDirectW)")
ERROR 2026-06-23 11:58:01,802 services 2020668 125432199245952 Traceback: Traceback (most recent call last):
  File "/var/www/ufaa_reunify_mobile_backend/ufaa_env/lib/python3.12/site-packages/django/db/backends/utils.py", line 105, in _execute
    return self.cursor.execute(sql, params)
           ^^^^^^^^^^^^^^^^^^^^^^^^^^^^^^^^
  File "/var/www/ufaa_reunify_mobile_backend/ufaa_env/lib/python3.12/site-packages/mssql/base.py", line 768, in execute
    return self.cursor.execute(sql, params)
           ^^^^^^^^^^^^^^^^^^^^^^^^^^^^^^^^
pyodbc.ProgrammingError: ('42S22', "[42S22] [Microsoft][ODBC Driver 18 for SQL Server][SQL Server]Invalid column name 'No_'. (207) (SQLExecDirectW)")

The above exception was the direct cause of the following exception:

Traceback (most recent call last):
  File "/var/www/ufaa_reunify_mobile_backend/ufaamobilebackend/apps/live_operations/services.py", line 535, in push_claim_to_live
    cursor.execute(insert_asset_sql, [
  File "/var/www/ufaa_reunify_mobile_backend/ufaa_env/lib/python3.12/site-packages/django/db/backends/utils.py", line 122, in execute
    return super().execute(sql, params)
           ^^^^^^^^^^^^^^^^^^^^^^^^^^^^
  File "/var/www/ufaa_reunify_mobile_backend/ufaa_env/lib/python3.12/site-packages/django/db/backends/utils.py", line 79, in execute
    return self._execute_with_wrappers(
           ^^^^^^^^^^^^^^^^^^^^^^^^^^^^
  File "/var/www/ufaa_reunify_mobile_backend/ufaa_env/lib/python3.12/site-packages/django/db/backends/utils.py", line 92, in _execute_with_wrappers
    return executor(sql, params, many, context)
           ^^^^^^^^^^^^^^^^^^^^^^^^^^^^^^^^^^^^
  File "/var/www/ufaa_reunify_mobile_backend/ufaa_env/lib/python3.12/site-packages/django/db/backends/utils.py", line 100, in _execute
    with self.db.wrap_database_errors:
  File "/var/www/ufaa_reunify_mobile_backend/ufaa_env/lib/python3.12/site-packages/django/db/utils.py", line 94, in __exit__
    raise dj_exc_value.with_traceback(traceback) from exc_value
  File "/var/www/ufaa_reunify_mobile_backend/ufaa_env/lib/python3.12/site-packages/django/db/backends/utils.py", line 105, in _execute
    return self.cursor.execute(sql, params)
           ^^^^^^^^^^^^^^^^^^^^^^^^^^^^^^^^
  File "/var/www/ufaa_reunify_mobile_backend/ufaa_env/lib/python3.12/site-packages/mssql/base.py", line 768, in execute
    return self.cursor.execute(sql, params)
           ^^^^^^^^^^^^^^^^^^^^^^^^^^^^^^^^
django.db.utils.ProgrammingError: ('42S22', "[42S22] [Microsoft][ODBC Driver 18 for SQL Server][SQL Server]Invalid column name 'No_'. (207) (SQLExecDirectW)")

ERROR 2026-06-23 11:58:01,823 services 2020668 125432199245952 Error pushing claim to live database: ('42S22', "[42S22] [Microsoft][ODBC Driver 18 for SQL Server][SQL Server]Invalid column name 'No_'. (207) (SQLExecDirectW)")
ERROR 2026-06-23 11:58:01,823 services 2020668 125432199245952 Traceback: Traceback (most recent call last):
  File "/var/www/ufaa_reunify_mobile_backend/ufaa_env/lib/python3.12/site-packages/django/db/backends/utils.py", line 105, in _execute
    return self.cursor.execute(sql, params)
           ^^^^^^^^^^^^^^^^^^^^^^^^^^^^^^^^
  File "/var/www/ufaa_reunify_mobile_backend/ufaa_env/lib/python3.12/site-packages/mssql/base.py", line 768, in execute
    return self.cursor.execute(sql, params)
           ^^^^^^^^^^^^^^^^^^^^^^^^^^^^^^^^
pyodbc.ProgrammingError: ('42S22', "[42S22] [Microsoft][ODBC Driver 18 for SQL Server][SQL Server]Invalid column name 'No_'. (207) (SQLExecDirectW)")

The above exception was the direct cause of the following exception:

Traceback (most recent call last):
  File "/var/www/ufaa_reunify_mobile_backend/ufaamobilebackend/apps/live_operations/services.py", line 535, in push_claim_to_live
    cursor.execute(insert_asset_sql, [
  File "/var/www/ufaa_reunify_mobile_backend/ufaa_env/lib/python3.12/site-packages/django/db/backends/utils.py", line 122, in execute
    return super().execute(sql, params)
           ^^^^^^^^^^^^^^^^^^^^^^^^^^^^
  File "/var/www/ufaa_reunify_mobile_backend/ufaa_env/lib/python3.12/site-packages/django/db/backends/utils.py", line 79, in execute
    return self._execute_with_wrappers(
           ^^^^^^^^^^^^^^^^^^^^^^^^^^^^
  File "/var/www/ufaa_reunify_mobile_backend/ufaa_env/lib/python3.12/site-packages/django/db/backends/utils.py", line 92, in _execute_with_wrappers
    return executor(sql, params, many, context)
           ^^^^^^^^^^^^^^^^^^^^^^^^^^^^^^^^^^^^
  File "/var/www/ufaa_reunify_mobile_backend/ufaa_env/lib/python3.12/site-packages/django/db/backends/utils.py", line 100, in _execute
    with self.db.wrap_database_errors:
  File "/var/www/ufaa_reunify_mobile_backend/ufaa_env/lib/python3.12/site-packages/django/db/utils.py", line 94, in __exit__
    raise dj_exc_value.with_traceback(traceback) from exc_value
  File "/var/www/ufaa_reunify_mobile_backend/ufaa_env/lib/python3.12/site-packages/django/db/backends/utils.py", line 105, in _execute
    return self.cursor.execute(sql, params)
           ^^^^^^^^^^^^^^^^^^^^^^^^^^^^^^^^
  File "/var/www/ufaa_reunify_mobile_backend/ufaa_env/lib/python3.12/site-packages/mssql/base.py", line 768, in execute
    return self.cursor.execute(sql, params)
           ^^^^^^^^^^^^^^^^^^^^^^^^^^^^^^^^
django.db.utils.ProgrammingError: ('42S22', "[42S22] [Microsoft][ODBC Driver 18 for SQL Server][SQL Server]Invalid column name 'No_'. (207) (SQLExecDirectW)")

ERROR 2026-06-23 11:58:01,844 services 2020668 125432199245952 Error pushing claim to live database: ('42S22', "[42S22] [Microsoft][ODBC Driver 18 for SQL Server][SQL Server]Invalid column name 'No_'. (207) (SQLExecDirectW)")
ERROR 2026-06-23 11:58:01,844 services 2020668 125432199245952 Traceback: Traceback (most recent call last):
  File "/var/www/ufaa_reunify_mobile_backend/ufaa_env/lib/python3.12/site-packages/django/db/backends/utils.py", line 105, in _execute
    return self.cursor.execute(sql, params)
           ^^^^^^^^^^^^^^^^^^^^^^^^^^^^^^^^
  File "/var/www/ufaa_reunify_mobile_backend/ufaa_env/lib/python3.12/site-packages/mssql/base.py", line 768, in execute
    return self.cursor.execute(sql, params)
           ^^^^^^^^^^^^^^^^^^^^^^^^^^^^^^^^
pyodbc.ProgrammingError: ('42S22', "[42S22] [Microsoft][ODBC Driver 18 for SQL Server][SQL Server]Invalid column name 'No_'. (207) (SQLExecDirectW)")

The above exception was the direct cause of the following exception:

Traceback (most recent call last):
  File "/var/www/ufaa_reunify_mobile_backend/ufaamobilebackend/apps/live_operations/services.py", line 535, in push_claim_to_live
    cursor.execute(insert_asset_sql, [
  File "/var/www/ufaa_reunify_mobile_backend/ufaa_env/lib/python3.12/site-packages/django/db/backends/utils.py", line 122, in execute
    return super().execute(sql, params)
           ^^^^^^^^^^^^^^^^^^^^^^^^^^^^
  File "/var/www/ufaa_reunify_mobile_backend/ufaa_env/lib/python3.12/site-packages/django/db/backends/utils.py", line 79, in execute
    return self._execute_with_wrappers(
           ^^^^^^^^^^^^^^^^^^^^^^^^^^^^
  File "/var/www/ufaa_reunify_mobile_backend/ufaa_env/lib/python3.12/site-packages/django/db/backends/utils.py", line 92, in _execute_with_wrappers
    return executor(sql, params, many, context)
           ^^^^^^^^^^^^^^^^^^^^^^^^^^^^^^^^^^^^
  File "/var/www/ufaa_reunify_mobile_backend/ufaa_env/lib/python3.12/site-packages/django/db/backends/utils.py", line 100, in _execute
    with self.db.wrap_database_errors:
  File "/var/www/ufaa_reunify_mobile_backend/ufaa_env/lib/python3.12/site-packages/django/db/utils.py", line 94, in __exit__
    raise dj_exc_value.with_traceback(traceback) from exc_value
  File "/var/www/ufaa_reunify_mobile_backend/ufaa_env/lib/python3.12/site-packages/django/db/backends/utils.py", line 105, in _execute
    return self.cursor.execute(sql, params)
           ^^^^^^^^^^^^^^^^^^^^^^^^^^^^^^^^
  File "/var/www/ufaa_reunify_mobile_backend/ufaa_env/lib/python3.12/site-packages/mssql/base.py", line 768, in execute
    return self.cursor.execute(sql, params)
           ^^^^^^^^^^^^^^^^^^^^^^^^^^^^^^^^
django.db.utils.ProgrammingError: ('42S22', "[42S22] [Microsoft][ODBC Driver 18 for SQL Server][SQL Server]Invalid column name 'No_'. (207) (SQLExecDirectW)")

ERROR 2026-06-23 11:58:01,878 services 2020668 125432199245952 Error pushing claim to live database: ('42S22', "[42S22] [Microsoft][ODBC Driver 18 for SQL Server][SQL Server]Invalid column name 'No_'. (207) (SQLExecDirectW)")
ERROR 2026-06-23 11:58:01,878 services 2020668 125432199245952 Traceback: Traceback (most recent call last):
  File "/var/www/ufaa_reunify_mobile_backend/ufaa_env/lib/python3.12/site-packages/django/db/backends/utils.py", line 105, in _execute
    return self.cursor.execute(sql, params)
           ^^^^^^^^^^^^^^^^^^^^^^^^^^^^^^^^
  File "/var/www/ufaa_reunify_mobile_backend/ufaa_env/lib/python3.12/site-packages/mssql/base.py", line 768, in execute
    return self.cursor.execute(sql, params)
           ^^^^^^^^^^^^^^^^^^^^^^^^^^^^^^^^
pyodbc.ProgrammingError: ('42S22', "[42S22] [Microsoft][ODBC Driver 18 for SQL Server][SQL Server]Invalid column name 'No_'. (207) (SQLExecDirectW)")

The above exception was the direct cause of the following exception:

Traceback (most recent call last):
  File "/var/www/ufaa_reunify_mobile_backend/ufaamobilebackend/apps/live_operations/services.py", line 535, in push_claim_to_live
    cursor.execute(insert_asset_sql, [
  File "/var/www/ufaa_reunify_mobile_backend/ufaa_env/lib/python3.12/site-packages/django/db/backends/utils.py", line 122, in execute
    return super().execute(sql, params)
           ^^^^^^^^^^^^^^^^^^^^^^^^^^^^
  File "/var/www/ufaa_reunify_mobile_backend/ufaa_env/lib/python3.12/site-packages/django/db/backends/utils.py", line 79, in execute
    return self._execute_with_wrappers(
           ^^^^^^^^^^^^^^^^^^^^^^^^^^^^
  File "/var/www/ufaa_reunify_mobile_backend/ufaa_env/lib/python3.12/site-packages/django/db/backends/utils.py", line 92, in _execute_with_wrappers
    return executor(sql, params, many, context)
           ^^^^^^^^^^^^^^^^^^^^^^^^^^^^^^^^^^^^
  File "/var/www/ufaa_reunify_mobile_backend/ufaa_env/lib/python3.12/site-packages/django/db/backends/utils.py", line 100, in _execute
    with self.db.wrap_database_errors:
  File "/var/www/ufaa_reunify_mobile_backend/ufaa_env/lib/python3.12/site-packages/django/db/utils.py", line 94, in __exit__
    raise dj_exc_value.with_traceback(traceback) from exc_value
  File "/var/www/ufaa_reunify_mobile_backend/ufaa_env/lib/python3.12/site-packages/django/db/backends/utils.py", line 105, in _execute
    return self.cursor.execute(sql, params)
           ^^^^^^^^^^^^^^^^^^^^^^^^^^^^^^^^
  File "/var/www/ufaa_reunify_mobile_backend/ufaa_env/lib/python3.12/site-packages/mssql/base.py", line 768, in execute
    return self.cursor.execute(sql, params)
           ^^^^^^^^^^^^^^^^^^^^^^^^^^^^^^^^
django.db.utils.ProgrammingError: ('42S22', "[42S22] [Microsoft][ODBC Driver 18 for SQL Server][SQL Server]Invalid column name 'No_'. (207) (SQLExecDirectW)")

ERROR 2026-06-23 11:58:01,912 services 2020668 125432199245952 Error pushing claim to live database: ('42S22', "[42S22] [Microsoft][ODBC Driver 18 for SQL Server][SQL Server]Invalid column name 'No_'. (207) (SQLExecDirectW)")
ERROR 2026-06-23 11:58:01,913 services 2020668 125432199245952 Traceback: Traceback (most recent call last):
  File "/var/www/ufaa_reunify_mobile_backend/ufaa_env/lib/python3.12/site-packages/django/db/backends/utils.py", line 105, in _execute
    return self.cursor.execute(sql, params)
           ^^^^^^^^^^^^^^^^^^^^^^^^^^^^^^^^
  File "/var/www/ufaa_reunify_mobile_backend/ufaa_env/lib/python3.12/site-packages/mssql/base.py", line 768, in execute
    return self.cursor.execute(sql, params)
           ^^^^^^^^^^^^^^^^^^^^^^^^^^^^^^^^
pyodbc.ProgrammingError: ('42S22', "[42S22] [Microsoft][ODBC Driver 18 for SQL Server][SQL Server]Invalid column name 'No_'. (207) (SQLExecDirectW)")

The above exception was the direct cause of the following exception:

Traceback (most recent call last):
  File "/var/www/ufaa_reunify_mobile_backend/ufaamobilebackend/apps/live_operations/services.py", line 535, in push_claim_to_live
    cursor.execute(insert_asset_sql, [
  File "/var/www/ufaa_reunify_mobile_backend/ufaa_env/lib/python3.12/site-packages/django/db/backends/utils.py", line 122, in execute
    return super().execute(sql, params)
           ^^^^^^^^^^^^^^^^^^^^^^^^^^^^
  File "/var/www/ufaa_reunify_mobile_backend/ufaa_env/lib/python3.12/site-packages/django/db/backends/utils.py", line 79, in execute
    return self._execute_with_wrappers(
           ^^^^^^^^^^^^^^^^^^^^^^^^^^^^
  File "/var/www/ufaa_reunify_mobile_backend/ufaa_env/lib/python3.12/site-packages/django/db/backends/utils.py", line 92, in _execute_with_wrappers
    return executor(sql, params, many, context)
           ^^^^^^^^^^^^^^^^^^^^^^^^^^^^^^^^^^^^
  File "/var/www/ufaa_reunify_mobile_backend/ufaa_env/lib/python3.12/site-packages/django/db/backends/utils.py", line 100, in _execute
    with self.db.wrap_database_errors:
  File "/var/www/ufaa_reunify_mobile_backend/ufaa_env/lib/python3.12/site-packages/django/db/utils.py", line 94, in __exit__
    raise dj_exc_value.with_traceback(traceback) from exc_value
  File "/var/www/ufaa_reunify_mobile_backend/ufaa_env/lib/python3.12/site-packages/django/db/backends/utils.py", line 105, in _execute
    return self.cursor.execute(sql, params)
           ^^^^^^^^^^^^^^^^^^^^^^^^^^^^^^^^
  File "/var/www/ufaa_reunify_mobile_backend/ufaa_env/lib/python3.12/site-packages/mssql/base.py", line 768, in execute
    return self.cursor.execute(sql, params)
           ^^^^^^^^^^^^^^^^^^^^^^^^^^^^^^^^
django.db.utils.ProgrammingError: ('42S22', "[42S22] [Microsoft][ODBC Driver 18 for SQL Server][SQL Server]Invalid column name 'No_'. (207) (SQLExecDirectW)")

ERROR 2026-06-23 11:58:01,945 services 2020668 125432199245952 Error pushing claim to live database: ('42S22', "[42S22] [Microsoft][ODBC Driver 18 for SQL Server][SQL Server]Invalid column name 'No_'. (207) (SQLExecDirectW)")
ERROR 2026-06-23 11:58:01,945 services 2020668 125432199245952 Traceback: Traceback (most recent call last):
  File "/var/www/ufaa_reunify_mobile_backend/ufaa_env/lib/python3.12/site-packages/django/db/backends/utils.py", line 105, in _execute
    return self.cursor.execute(sql, params)
           ^^^^^^^^^^^^^^^^^^^^^^^^^^^^^^^^
  File "/var/www/ufaa_reunify_mobile_backend/ufaa_env/lib/python3.12/site-packages/mssql/base.py", line 768, in execute
    return self.cursor.execute(sql, params)
           ^^^^^^^^^^^^^^^^^^^^^^^^^^^^^^^^
pyodbc.ProgrammingError: ('42S22', "[42S22] [Microsoft][ODBC Driver 18 for SQL Server][SQL Server]Invalid column name 'No_'. (207) (SQLExecDirectW)")

The above exception was the direct cause of the following exception:

Traceback (most recent call last):
  File "/var/www/ufaa_reunify_mobile_backend/ufaamobilebackend/apps/live_operations/services.py", line 535, in push_claim_to_live
    cursor.execute(insert_asset_sql, [
  File "/var/www/ufaa_reunify_mobile_backend/ufaa_env/lib/python3.12/site-packages/django/db/backends/utils.py", line 122, in execute
    return super().execute(sql, params)
           ^^^^^^^^^^^^^^^^^^^^^^^^^^^^
  File "/var/www/ufaa_reunify_mobile_backend/ufaa_env/lib/python3.12/site-packages/django/db/backends/utils.py", line 79, in execute
    return self._execute_with_wrappers(
           ^^^^^^^^^^^^^^^^^^^^^^^^^^^^
  File "/var/www/ufaa_reunify_mobile_backend/ufaa_env/lib/python3.12/site-packages/django/db/backends/utils.py", line 92, in _execute_with_wrappers
    return executor(sql, params, many, context)
           ^^^^^^^^^^^^^^^^^^^^^^^^^^^^^^^^^^^^
  File "/var/www/ufaa_reunify_mobile_backend/ufaa_env/lib/python3.12/site-packages/django/db/backends/utils.py", line 100, in _execute
    with self.db.wrap_database_errors:
  File "/var/www/ufaa_reunify_mobile_backend/ufaa_env/lib/python3.12/site-packages/django/db/utils.py", line 94, in __exit__
    raise dj_exc_value.with_traceback(traceback) from exc_value
  File "/var/www/ufaa_reunify_mobile_backend/ufaa_env/lib/python3.12/site-packages/django/db/backends/utils.py", line 105, in _execute
    return self.cursor.execute(sql, params)
           ^^^^^^^^^^^^^^^^^^^^^^^^^^^^^^^^
  File "/var/www/ufaa_reunify_mobile_backend/ufaa_env/lib/python3.12/site-packages/mssql/base.py", line 768, in execute
    return self.cursor.execute(sql, params)
           ^^^^^^^^^^^^^^^^^^^^^^^^^^^^^^^^
django.db.utils.ProgrammingError: ('42S22', "[42S22] [Microsoft][ODBC Driver 18 for SQL Server][SQL Server]Invalid column name 'No_'. (207) (SQLExecDirectW)")

ERROR 2026-06-23 11:58:02,052 services 2020668 125432199245952 Error pushing claim to live database: ('22018', "[22018] [Microsoft][ODBC Driver 18 for SQL Server][SQL Server]Conversion failed when converting the nvarchar value 'M' to data type int. (245) (SQLExecDirectW)")
ERROR 2026-06-23 11:58:02,052 services 2020668 125432199245952 Traceback: Traceback (most recent call last):
  File "/var/www/ufaa_reunify_mobile_backend/ufaa_env/lib/python3.12/site-packages/django/db/backends/utils.py", line 105, in _execute
    return self.cursor.execute(sql, params)
           ^^^^^^^^^^^^^^^^^^^^^^^^^^^^^^^^
  File "/var/www/ufaa_reunify_mobile_backend/ufaa_env/lib/python3.12/site-packages/mssql/base.py", line 768, in execute
    return self.cursor.execute(sql, params)
           ^^^^^^^^^^^^^^^^^^^^^^^^^^^^^^^^
pyodbc.DataError: ('22018', "[22018] [Microsoft][ODBC Driver 18 for SQL Server][SQL Server]Conversion failed when converting the nvarchar value 'M' to data type int. (245) (SQLExecDirectW)")

The above exception was the direct cause of the following exception:

Traceback (most recent call last):
  File "/var/www/ufaa_reunify_mobile_backend/ufaamobilebackend/apps/live_operations/services.py", line 486, in push_claim_to_live
    cursor.execute(insert_claim_sql, [
  File "/var/www/ufaa_reunify_mobile_backend/ufaa_env/lib/python3.12/site-packages/django/db/backends/utils.py", line 122, in execute
    return super().execute(sql, params)
           ^^^^^^^^^^^^^^^^^^^^^^^^^^^^
  File "/var/www/ufaa_reunify_mobile_backend/ufaa_env/lib/python3.12/site-packages/django/db/backends/utils.py", line 79, in execute
    return self._execute_with_wrappers(
           ^^^^^^^^^^^^^^^^^^^^^^^^^^^^
  File "/var/www/ufaa_reunify_mobile_backend/ufaa_env/lib/python3.12/site-packages/django/db/backends/utils.py", line 92, in _execute_with_wrappers
    return executor(sql, params, many, context)
           ^^^^^^^^^^^^^^^^^^^^^^^^^^^^^^^^^^^^
  File "/var/www/ufaa_reunify_mobile_backend/ufaa_env/lib/python3.12/site-packages/django/db/backends/utils.py", line 100, in _execute
    with self.db.wrap_database_errors:
  File "/var/www/ufaa_reunify_mobile_backend/ufaa_env/lib/python3.12/site-packages/django/db/utils.py", line 94, in __exit__
    raise dj_exc_value.with_traceback(traceback) from exc_value
  File "/var/www/ufaa_reunify_mobile_backend/ufaa_env/lib/python3.12/site-packages/django/db/backends/utils.py", line 105, in _execute
    return self.cursor.execute(sql, params)
           ^^^^^^^^^^^^^^^^^^^^^^^^^^^^^^^^
  File "/var/www/ufaa_reunify_mobile_backend/ufaa_env/lib/python3.12/site-packages/mssql/base.py", line 768, in execute
    return self.cursor.execute(sql, params)
           ^^^^^^^^^^^^^^^^^^^^^^^^^^^^^^^^
django.db.utils.DataError: ('22018', "[22018] [Microsoft][ODBC Driver 18 for SQL Server][SQL Server]Conversion failed when converting the nvarchar value 'M' to data type int. (245) (SQLExecDirectW)")

ERROR 2026-06-23 12:06:13,923 services 2020991 130544039436416 Error pushing claim to live database: ('42S22', "[42S22] [Microsoft][ODBC Driver 18 for SQL Server][SQL Server]Invalid column name 'No_'. (207) (SQLExecDirectW)")
ERROR 2026-06-23 12:06:13,923 services 2020991 130544039436416 Traceback: Traceback (most recent call last):
  File "/var/www/ufaa_reunify_mobile_backend/ufaa_env/lib/python3.12/site-packages/django/db/backends/utils.py", line 105, in _execute
    return self.cursor.execute(sql, params)
           ^^^^^^^^^^^^^^^^^^^^^^^^^^^^^^^^
  File "/var/www/ufaa_reunify_mobile_backend/ufaa_env/lib/python3.12/site-packages/mssql/base.py", line 768, in execute
    return self.cursor.execute(sql, params)
           ^^^^^^^^^^^^^^^^^^^^^^^^^^^^^^^^
pyodbc.ProgrammingError: ('42S22', "[42S22] [Microsoft][ODBC Driver 18 for SQL Server][SQL Server]Invalid column name 'No_'. (207) (SQLExecDirectW)")

The above exception was the direct cause of the following exception:

Traceback (most recent call last):
  File "/var/www/ufaa_reunify_mobile_backend/ufaamobilebackend/apps/live_operations/services.py", line 539, in push_claim_to_live
    cursor.execute(insert_asset_sql, [
  File "/var/www/ufaa_reunify_mobile_backend/ufaa_env/lib/python3.12/site-packages/django/db/backends/utils.py", line 122, in execute
    return super().execute(sql, params)
           ^^^^^^^^^^^^^^^^^^^^^^^^^^^^
  File "/var/www/ufaa_reunify_mobile_backend/ufaa_env/lib/python3.12/site-packages/django/db/backends/utils.py", line 79, in execute
    return self._execute_with_wrappers(
           ^^^^^^^^^^^^^^^^^^^^^^^^^^^^
  File "/var/www/ufaa_reunify_mobile_backend/ufaa_env/lib/python3.12/site-packages/django/db/backends/utils.py", line 92, in _execute_with_wrappers
    return executor(sql, params, many, context)
           ^^^^^^^^^^^^^^^^^^^^^^^^^^^^^^^^^^^^
  File "/var/www/ufaa_reunify_mobile_backend/ufaa_env/lib/python3.12/site-packages/django/db/backends/utils.py", line 100, in _execute
    with self.db.wrap_database_errors:
  File "/var/www/ufaa_reunify_mobile_backend/ufaa_env/lib/python3.12/site-packages/django/db/utils.py", line 94, in __exit__
    raise dj_exc_value.with_traceback(traceback) from exc_value
  File "/var/www/ufaa_reunify_mobile_backend/ufaa_env/lib/python3.12/site-packages/django/db/backends/utils.py", line 105, in _execute
    return self.cursor.execute(sql, params)
           ^^^^^^^^^^^^^^^^^^^^^^^^^^^^^^^^
  File "/var/www/ufaa_reunify_mobile_backend/ufaa_env/lib/python3.12/site-packages/mssql/base.py", line 768, in execute
    return self.cursor.execute(sql, params)
           ^^^^^^^^^^^^^^^^^^^^^^^^^^^^^^^^
django.db.utils.ProgrammingError: ('42S22', "[42S22] [Microsoft][ODBC Driver 18 for SQL Server][SQL Server]Invalid column name 'No_'. (207) (SQLExecDirectW)")

ERROR 2026-06-23 12:06:13,972 services 2020991 130544039436416 Error pushing claim to live database: ('42S22', "[42S22] [Microsoft][ODBC Driver 18 for SQL Server][SQL Server]Invalid column name 'No_'. (207) (SQLExecDirectW)")
ERROR 2026-06-23 12:06:13,972 services 2020991 130544039436416 Traceback: Traceback (most recent call last):
  File "/var/www/ufaa_reunify_mobile_backend/ufaa_env/lib/python3.12/site-packages/django/db/backends/utils.py", line 105, in _execute
    return self.cursor.execute(sql, params)
           ^^^^^^^^^^^^^^^^^^^^^^^^^^^^^^^^
  File "/var/www/ufaa_reunify_mobile_backend/ufaa_env/lib/python3.12/site-packages/mssql/base.py", line 768, in execute
    return self.cursor.execute(sql, params)
           ^^^^^^^^^^^^^^^^^^^^^^^^^^^^^^^^
pyodbc.ProgrammingError: ('42S22', "[42S22] [Microsoft][ODBC Driver 18 for SQL Server][SQL Server]Invalid column name 'No_'. (207) (SQLExecDirectW)")

The above exception was the direct cause of the following exception:

Traceback (most recent call last):
  File "/var/www/ufaa_reunify_mobile_backend/ufaamobilebackend/apps/live_operations/services.py", line 539, in push_claim_to_live
    cursor.execute(insert_asset_sql, [
  File "/var/www/ufaa_reunify_mobile_backend/ufaa_env/lib/python3.12/site-packages/django/db/backends/utils.py", line 122, in execute
    return super().execute(sql, params)
           ^^^^^^^^^^^^^^^^^^^^^^^^^^^^
  File "/var/www/ufaa_reunify_mobile_backend/ufaa_env/lib/python3.12/site-packages/django/db/backends/utils.py", line 79, in execute
    return self._execute_with_wrappers(
           ^^^^^^^^^^^^^^^^^^^^^^^^^^^^
  File "/var/www/ufaa_reunify_mobile_backend/ufaa_env/lib/python3.12/site-packages/django/db/backends/utils.py", line 92, in _execute_with_wrappers
    return executor(sql, params, many, context)
           ^^^^^^^^^^^^^^^^^^^^^^^^^^^^^^^^^^^^
  File "/var/www/ufaa_reunify_mobile_backend/ufaa_env/lib/python3.12/site-packages/django/db/backends/utils.py", line 100, in _execute
    with self.db.wrap_database_errors:
  File "/var/www/ufaa_reunify_mobile_backend/ufaa_env/lib/python3.12/site-packages/django/db/utils.py", line 94, in __exit__
    raise dj_exc_value.with_traceback(traceback) from exc_value
  File "/var/www/ufaa_reunify_mobile_backend/ufaa_env/lib/python3.12/site-packages/django/db/backends/utils.py", line 105, in _execute
    return self.cursor.execute(sql, params)
           ^^^^^^^^^^^^^^^^^^^^^^^^^^^^^^^^
  File "/var/www/ufaa_reunify_mobile_backend/ufaa_env/lib/python3.12/site-packages/mssql/base.py", line 768, in execute
    return self.cursor.execute(sql, params)
           ^^^^^^^^^^^^^^^^^^^^^^^^^^^^^^^^
django.db.utils.ProgrammingError: ('42S22', "[42S22] [Microsoft][ODBC Driver 18 for SQL Server][SQL Server]Invalid column name 'No_'. (207) (SQLExecDirectW)")

ERROR 2026-06-23 12:06:14,007 services 2020991 130544039436416 Error pushing claim to live database: ('42S22', "[42S22] [Microsoft][ODBC Driver 18 for SQL Server][SQL Server]Invalid column name 'No_'. (207) (SQLExecDirectW)")
ERROR 2026-06-23 12:06:14,008 services 2020991 130544039436416 Traceback: Traceback (most recent call last):
  File "/var/www/ufaa_reunify_mobile_backend/ufaa_env/lib/python3.12/site-packages/django/db/backends/utils.py", line 105, in _execute
    return self.cursor.execute(sql, params)
           ^^^^^^^^^^^^^^^^^^^^^^^^^^^^^^^^
  File "/var/www/ufaa_reunify_mobile_backend/ufaa_env/lib/python3.12/site-packages/mssql/base.py", line 768, in execute
    return self.cursor.execute(sql, params)
           ^^^^^^^^^^^^^^^^^^^^^^^^^^^^^^^^
pyodbc.ProgrammingError: ('42S22', "[42S22] [Microsoft][ODBC Driver 18 for SQL Server][SQL Server]Invalid column name 'No_'. (207) (SQLExecDirectW)")

The above exception was the direct cause of the following exception:

Traceback (most recent call last):
  File "/var/www/ufaa_reunify_mobile_backend/ufaamobilebackend/apps/live_operations/services.py", line 539, in push_claim_to_live
    cursor.execute(insert_asset_sql, [
  File "/var/www/ufaa_reunify_mobile_backend/ufaa_env/lib/python3.12/site-packages/django/db/backends/utils.py", line 122, in execute
    return super().execute(sql, params)
           ^^^^^^^^^^^^^^^^^^^^^^^^^^^^
  File "/var/www/ufaa_reunify_mobile_backend/ufaa_env/lib/python3.12/site-packages/django/db/backends/utils.py", line 79, in execute
    return self._execute_with_wrappers(
           ^^^^^^^^^^^^^^^^^^^^^^^^^^^^
  File "/var/www/ufaa_reunify_mobile_backend/ufaa_env/lib/python3.12/site-packages/django/db/backends/utils.py", line 92, in _execute_with_wrappers
    return executor(sql, params, many, context)
           ^^^^^^^^^^^^^^^^^^^^^^^^^^^^^^^^^^^^
  File "/var/www/ufaa_reunify_mobile_backend/ufaa_env/lib/python3.12/site-packages/django/db/backends/utils.py", line 100, in _execute
    with self.db.wrap_database_errors:
  File "/var/www/ufaa_reunify_mobile_backend/ufaa_env/lib/python3.12/site-packages/django/db/utils.py", line 94, in __exit__
    raise dj_exc_value.with_traceback(traceback) from exc_value
  File "/var/www/ufaa_reunify_mobile_backend/ufaa_env/lib/python3.12/site-packages/django/db/backends/utils.py", line 105, in _execute
    return self.cursor.execute(sql, params)
           ^^^^^^^^^^^^^^^^^^^^^^^^^^^^^^^^
  File "/var/www/ufaa_reunify_mobile_backend/ufaa_env/lib/python3.12/site-packages/mssql/base.py", line 768, in execute
    return self.cursor.execute(sql, params)
           ^^^^^^^^^^^^^^^^^^^^^^^^^^^^^^^^
django.db.utils.ProgrammingError: ('42S22', "[42S22] [Microsoft][ODBC Driver 18 for SQL Server][SQL Server]Invalid column name 'No_'. (207) (SQLExecDirectW)")

ERROR 2026-06-23 12:06:14,035 services 2020991 130544039436416 Error pushing claim to live database: ('42S22', "[42S22] [Microsoft][ODBC Driver 18 for SQL Server][SQL Server]Invalid column name 'No_'. (207) (SQLExecDirectW)")
ERROR 2026-06-23 12:06:14,035 services 2020991 130544039436416 Traceback: Traceback (most recent call last):
  File "/var/www/ufaa_reunify_mobile_backend/ufaa_env/lib/python3.12/site-packages/django/db/backends/utils.py", line 105, in _execute
    return self.cursor.execute(sql, params)
           ^^^^^^^^^^^^^^^^^^^^^^^^^^^^^^^^
  File "/var/www/ufaa_reunify_mobile_backend/ufaa_env/lib/python3.12/site-packages/mssql/base.py", line 768, in execute
    return self.cursor.execute(sql, params)
           ^^^^^^^^^^^^^^^^^^^^^^^^^^^^^^^^
pyodbc.ProgrammingError: ('42S22', "[42S22] [Microsoft][ODBC Driver 18 for SQL Server][SQL Server]Invalid column name 'No_'. (207) (SQLExecDirectW)")

The above exception was the direct cause of the following exception:

Traceback (most recent call last):
  File "/var/www/ufaa_reunify_mobile_backend/ufaamobilebackend/apps/live_operations/services.py", line 539, in push_claim_to_live
    cursor.execute(insert_asset_sql, [
  File "/var/www/ufaa_reunify_mobile_backend/ufaa_env/lib/python3.12/site-packages/django/db/backends/utils.py", line 122, in execute
    return super().execute(sql, params)
           ^^^^^^^^^^^^^^^^^^^^^^^^^^^^
  File "/var/www/ufaa_reunify_mobile_backend/ufaa_env/lib/python3.12/site-packages/django/db/backends/utils.py", line 79, in execute
    return self._execute_with_wrappers(
           ^^^^^^^^^^^^^^^^^^^^^^^^^^^^
  File "/var/www/ufaa_reunify_mobile_backend/ufaa_env/lib/python3.12/site-packages/django/db/backends/utils.py", line 92, in _execute_with_wrappers
    return executor(sql, params, many, context)
           ^^^^^^^^^^^^^^^^^^^^^^^^^^^^^^^^^^^^
  File "/var/www/ufaa_reunify_mobile_backend/ufaa_env/lib/python3.12/site-packages/django/db/backends/utils.py", line 100, in _execute
    with self.db.wrap_database_errors:
  File "/var/www/ufaa_reunify_mobile_backend/ufaa_env/lib/python3.12/site-packages/django/db/utils.py", line 94, in __exit__
    raise dj_exc_value.with_traceback(traceback) from exc_value
  File "/var/www/ufaa_reunify_mobile_backend/ufaa_env/lib/python3.12/site-packages/django/db/backends/utils.py", line 105, in _execute
    return self.cursor.execute(sql, params)
           ^^^^^^^^^^^^^^^^^^^^^^^^^^^^^^^^
  File "/var/www/ufaa_reunify_mobile_backend/ufaa_env/lib/python3.12/site-packages/mssql/base.py", line 768, in execute
    return self.cursor.execute(sql, params)
           ^^^^^^^^^^^^^^^^^^^^^^^^^^^^^^^^
django.db.utils.ProgrammingError: ('42S22', "[42S22] [Microsoft][ODBC Driver 18 for SQL Server][SQL Server]Invalid column name 'No_'. (207) (SQLExecDirectW)")

ERROR 2026-06-23 12:06:14,063 services 2020991 130544039436416 Error pushing claim to live database: ('42S22', "[42S22] [Microsoft][ODBC Driver 18 for SQL Server][SQL Server]Invalid column name 'No_'. (207) (SQLExecDirectW)")
ERROR 2026-06-23 12:06:14,063 services 2020991 130544039436416 Traceback: Traceback (most recent call last):
  File "/var/www/ufaa_reunify_mobile_backend/ufaa_env/lib/python3.12/site-packages/django/db/backends/utils.py", line 105, in _execute
    return self.cursor.execute(sql, params)
           ^^^^^^^^^^^^^^^^^^^^^^^^^^^^^^^^
  File "/var/www/ufaa_reunify_mobile_backend/ufaa_env/lib/python3.12/site-packages/mssql/base.py", line 768, in execute
    return self.cursor.execute(sql, params)
           ^^^^^^^^^^^^^^^^^^^^^^^^^^^^^^^^
pyodbc.ProgrammingError: ('42S22', "[42S22] [Microsoft][ODBC Driver 18 for SQL Server][SQL Server]Invalid column name 'No_'. (207) (SQLExecDirectW)")

The above exception was the direct cause of the following exception:

Traceback (most recent call last):
  File "/var/www/ufaa_reunify_mobile_backend/ufaamobilebackend/apps/live_operations/services.py", line 539, in push_claim_to_live
    cursor.execute(insert_asset_sql, [
  File "/var/www/ufaa_reunify_mobile_backend/ufaa_env/lib/python3.12/site-packages/django/db/backends/utils.py", line 122, in execute
    return super().execute(sql, params)
           ^^^^^^^^^^^^^^^^^^^^^^^^^^^^
  File "/var/www/ufaa_reunify_mobile_backend/ufaa_env/lib/python3.12/site-packages/django/db/backends/utils.py", line 79, in execute
    return self._execute_with_wrappers(
           ^^^^^^^^^^^^^^^^^^^^^^^^^^^^
  File "/var/www/ufaa_reunify_mobile_backend/ufaa_env/lib/python3.12/site-packages/django/db/backends/utils.py", line 92, in _execute_with_wrappers
    return executor(sql, params, many, context)
           ^^^^^^^^^^^^^^^^^^^^^^^^^^^^^^^^^^^^
  File "/var/www/ufaa_reunify_mobile_backend/ufaa_env/lib/python3.12/site-packages/django/db/backends/utils.py", line 100, in _execute
    with self.db.wrap_database_errors:
  File "/var/www/ufaa_reunify_mobile_backend/ufaa_env/lib/python3.12/site-packages/django/db/utils.py", line 94, in __exit__
    raise dj_exc_value.with_traceback(traceback) from exc_value
  File "/var/www/ufaa_reunify_mobile_backend/ufaa_env/lib/python3.12/site-packages/django/db/backends/utils.py", line 105, in _execute
    return self.cursor.execute(sql, params)
           ^^^^^^^^^^^^^^^^^^^^^^^^^^^^^^^^
  File "/var/www/ufaa_reunify_mobile_backend/ufaa_env/lib/python3.12/site-packages/mssql/base.py", line 768, in execute
    return self.cursor.execute(sql, params)
           ^^^^^^^^^^^^^^^^^^^^^^^^^^^^^^^^
django.db.utils.ProgrammingError: ('42S22', "[42S22] [Microsoft][ODBC Driver 18 for SQL Server][SQL Server]Invalid column name 'No_'. (207) (SQLExecDirectW)")

ERROR 2026-06-23 12:06:14,101 services 2020991 130544039436416 Error pushing claim to live database: ('42S22', "[42S22] [Microsoft][ODBC Driver 18 for SQL Server][SQL Server]Invalid column name 'No_'. (207) (SQLExecDirectW)")
ERROR 2026-06-23 12:06:14,101 services 2020991 130544039436416 Traceback: Traceback (most recent call last):
  File "/var/www/ufaa_reunify_mobile_backend/ufaa_env/lib/python3.12/site-packages/django/db/backends/utils.py", line 105, in _execute
    return self.cursor.execute(sql, params)
           ^^^^^^^^^^^^^^^^^^^^^^^^^^^^^^^^
  File "/var/www/ufaa_reunify_mobile_backend/ufaa_env/lib/python3.12/site-packages/mssql/base.py", line 768, in execute
    return self.cursor.execute(sql, params)
           ^^^^^^^^^^^^^^^^^^^^^^^^^^^^^^^^
pyodbc.ProgrammingError: ('42S22', "[42S22] [Microsoft][ODBC Driver 18 for SQL Server][SQL Server]Invalid column name 'No_'. (207) (SQLExecDirectW)")

The above exception was the direct cause of the following exception:

Traceback (most recent call last):
  File "/var/www/ufaa_reunify_mobile_backend/ufaamobilebackend/apps/live_operations/services.py", line 539, in push_claim_to_live
    cursor.execute(insert_asset_sql, [
  File "/var/www/ufaa_reunify_mobile_backend/ufaa_env/lib/python3.12/site-packages/django/db/backends/utils.py", line 122, in execute
    return super().execute(sql, params)
           ^^^^^^^^^^^^^^^^^^^^^^^^^^^^
  File "/var/www/ufaa_reunify_mobile_backend/ufaa_env/lib/python3.12/site-packages/django/db/backends/utils.py", line 79, in execute
    return self._execute_with_wrappers(
           ^^^^^^^^^^^^^^^^^^^^^^^^^^^^
  File "/var/www/ufaa_reunify_mobile_backend/ufaa_env/lib/python3.12/site-packages/django/db/backends/utils.py", line 92, in _execute_with_wrappers
    return executor(sql, params, many, context)
           ^^^^^^^^^^^^^^^^^^^^^^^^^^^^^^^^^^^^
  File "/var/www/ufaa_reunify_mobile_backend/ufaa_env/lib/python3.12/site-packages/django/db/backends/utils.py", line 100, in _execute
    with self.db.wrap_database_errors:
  File "/var/www/ufaa_reunify_mobile_backend/ufaa_env/lib/python3.12/site-packages/django/db/utils.py", line 94, in __exit__
    raise dj_exc_value.with_traceback(traceback) from exc_value
  File "/var/www/ufaa_reunify_mobile_backend/ufaa_env/lib/python3.12/site-packages/django/db/backends/utils.py", line 105, in _execute
    return self.cursor.execute(sql, params)
           ^^^^^^^^^^^^^^^^^^^^^^^^^^^^^^^^
  File "/var/www/ufaa_reunify_mobile_backend/ufaa_env/lib/python3.12/site-packages/mssql/base.py", line 768, in execute
    return self.cursor.execute(sql, params)
           ^^^^^^^^^^^^^^^^^^^^^^^^^^^^^^^^
django.db.utils.ProgrammingError: ('42S22', "[42S22] [Microsoft][ODBC Driver 18 for SQL Server][SQL Server]Invalid column name 'No_'. (207) (SQLExecDirectW)")

ERROR 2026-06-23 12:06:14,145 services 2020991 130544039436416 Error pushing claim to live database: ('42S22', "[42S22] [Microsoft][ODBC Driver 18 for SQL Server][SQL Server]Invalid column name 'No_'. (207) (SQLExecDirectW)")
ERROR 2026-06-23 12:06:14,146 services 2020991 130544039436416 Traceback: Traceback (most recent call last):
  File "/var/www/ufaa_reunify_mobile_backend/ufaa_env/lib/python3.12/site-packages/django/db/backends/utils.py", line 105, in _execute
    return self.cursor.execute(sql, params)
           ^^^^^^^^^^^^^^^^^^^^^^^^^^^^^^^^
  File "/var/www/ufaa_reunify_mobile_backend/ufaa_env/lib/python3.12/site-packages/mssql/base.py", line 768, in execute
    return self.cursor.execute(sql, params)
           ^^^^^^^^^^^^^^^^^^^^^^^^^^^^^^^^
pyodbc.ProgrammingError: ('42S22', "[42S22] [Microsoft][ODBC Driver 18 for SQL Server][SQL Server]Invalid column name 'No_'. (207) (SQLExecDirectW)")

The above exception was the direct cause of the following exception:

Traceback (most recent call last):
  File "/var/www/ufaa_reunify_mobile_backend/ufaamobilebackend/apps/live_operations/services.py", line 539, in push_claim_to_live
    cursor.execute(insert_asset_sql, [
  File "/var/www/ufaa_reunify_mobile_backend/ufaa_env/lib/python3.12/site-packages/django/db/backends/utils.py", line 122, in execute
    return super().execute(sql, params)
           ^^^^^^^^^^^^^^^^^^^^^^^^^^^^
  File "/var/www/ufaa_reunify_mobile_backend/ufaa_env/lib/python3.12/site-packages/django/db/backends/utils.py", line 79, in execute
    return self._execute_with_wrappers(
           ^^^^^^^^^^^^^^^^^^^^^^^^^^^^
  File "/var/www/ufaa_reunify_mobile_backend/ufaa_env/lib/python3.12/site-packages/django/db/backends/utils.py", line 92, in _execute_with_wrappers
    return executor(sql, params, many, context)
           ^^^^^^^^^^^^^^^^^^^^^^^^^^^^^^^^^^^^
  File "/var/www/ufaa_reunify_mobile_backend/ufaa_env/lib/python3.12/site-packages/django/db/backends/utils.py", line 100, in _execute
    with self.db.wrap_database_errors:
  File "/var/www/ufaa_reunify_mobile_backend/ufaa_env/lib/python3.12/site-packages/django/db/utils.py", line 94, in __exit__
    raise dj_exc_value.with_traceback(traceback) from exc_value
  File "/var/www/ufaa_reunify_mobile_backend/ufaa_env/lib/python3.12/site-packages/django/db/backends/utils.py", line 105, in _execute
    return self.cursor.execute(sql, params)
           ^^^^^^^^^^^^^^^^^^^^^^^^^^^^^^^^
  File "/var/www/ufaa_reunify_mobile_backend/ufaa_env/lib/python3.12/site-packages/mssql/base.py", line 768, in execute
    return self.cursor.execute(sql, params)
           ^^^^^^^^^^^^^^^^^^^^^^^^^^^^^^^^
django.db.utils.ProgrammingError: ('42S22', "[42S22] [Microsoft][ODBC Driver 18 for SQL Server][SQL Server]Invalid column name 'No_'. (207) (SQLExecDirectW)")

ERROR 2026-06-23 12:06:14,192 services 2020991 130544039436416 Error pushing claim to live database: ('42S22', "[42S22] [Microsoft][ODBC Driver 18 for SQL Server][SQL Server]Invalid column name 'No_'. (207) (SQLExecDirectW)")
ERROR 2026-06-23 12:06:14,192 services 2020991 130544039436416 Traceback: Traceback (most recent call last):
  File "/var/www/ufaa_reunify_mobile_backend/ufaa_env/lib/python3.12/site-packages/django/db/backends/utils.py", line 105, in _execute
    return self.cursor.execute(sql, params)
           ^^^^^^^^^^^^^^^^^^^^^^^^^^^^^^^^
  File "/var/www/ufaa_reunify_mobile_backend/ufaa_env/lib/python3.12/site-packages/mssql/base.py", line 768, in execute
    return self.cursor.execute(sql, params)
           ^^^^^^^^^^^^^^^^^^^^^^^^^^^^^^^^
pyodbc.ProgrammingError: ('42S22', "[42S22] [Microsoft][ODBC Driver 18 for SQL Server][SQL Server]Invalid column name 'No_'. (207) (SQLExecDirectW)")

The above exception was the direct cause of the following exception:

Traceback (most recent call last):
  File "/var/www/ufaa_reunify_mobile_backend/ufaamobilebackend/apps/live_operations/services.py", line 539, in push_claim_to_live
    cursor.execute(insert_asset_sql, [
  File "/var/www/ufaa_reunify_mobile_backend/ufaa_env/lib/python3.12/site-packages/django/db/backends/utils.py", line 122, in execute
    return super().execute(sql, params)
           ^^^^^^^^^^^^^^^^^^^^^^^^^^^^
  File "/var/www/ufaa_reunify_mobile_backend/ufaa_env/lib/python3.12/site-packages/django/db/backends/utils.py", line 79, in execute
    return self._execute_with_wrappers(
           ^^^^^^^^^^^^^^^^^^^^^^^^^^^^
  File "/var/www/ufaa_reunify_mobile_backend/ufaa_env/lib/python3.12/site-packages/django/db/backends/utils.py", line 92, in _execute_with_wrappers
    return executor(sql, params, many, context)
           ^^^^^^^^^^^^^^^^^^^^^^^^^^^^^^^^^^^^
  File "/var/www/ufaa_reunify_mobile_backend/ufaa_env/lib/python3.12/site-packages/django/db/backends/utils.py", line 100, in _execute
    with self.db.wrap_database_errors:
  File "/var/www/ufaa_reunify_mobile_backend/ufaa_env/lib/python3.12/site-packages/django/db/utils.py", line 94, in __exit__
    raise dj_exc_value.with_traceback(traceback) from exc_value
  File "/var/www/ufaa_reunify_mobile_backend/ufaa_env/lib/python3.12/site-packages/django/db/backends/utils.py", line 105, in _execute
    return self.cursor.execute(sql, params)
           ^^^^^^^^^^^^^^^^^^^^^^^^^^^^^^^^
  File "/var/www/ufaa_reunify_mobile_backend/ufaa_env/lib/python3.12/site-packages/mssql/base.py", line 768, in execute
    return self.cursor.execute(sql, params)
           ^^^^^^^^^^^^^^^^^^^^^^^^^^^^^^^^
django.db.utils.ProgrammingError: ('42S22', "[42S22] [Microsoft][ODBC Driver 18 for SQL Server][SQL Server]Invalid column name 'No_'. (207) (SQLExecDirectW)")

ERROR 2026-06-24 07:34:57,899 services 2064886 136912032317568 Error pushing claim to live database: ('42S22', "[42S22] [Microsoft][ODBC Driver 18 for SQL Server][SQL Server]Invalid column name 'No_'. (207) (SQLExecDirectW)")
ERROR 2026-06-24 07:34:57,900 services 2064886 136912032317568 Traceback: Traceback (most recent call last):
  File "/var/www/ufaa_reunify_mobile_backend/ufaa_env/lib/python3.12/site-packages/django/db/backends/utils.py", line 105, in _execute
    return self.cursor.execute(sql, params)
           ^^^^^^^^^^^^^^^^^^^^^^^^^^^^^^^^
  File "/var/www/ufaa_reunify_mobile_backend/ufaa_env/lib/python3.12/site-packages/mssql/base.py", line 768, in execute
    return self.cursor.execute(sql, params)
           ^^^^^^^^^^^^^^^^^^^^^^^^^^^^^^^^
pyodbc.ProgrammingError: ('42S22', "[42S22] [Microsoft][ODBC Driver 18 for SQL Server][SQL Server]Invalid column name 'No_'. (207) (SQLExecDirectW)")

The above exception was the direct cause of the following exception:

Traceback (most recent call last):
  File "/var/www/ufaa_reunify_mobile_backend/ufaamobilebackend/apps/live_operations/services.py", line 539, in push_claim_to_live
    cursor.execute(insert_asset_sql, [
  File "/var/www/ufaa_reunify_mobile_backend/ufaa_env/lib/python3.12/site-packages/django/db/backends/utils.py", line 122, in execute
    return super().execute(sql, params)
           ^^^^^^^^^^^^^^^^^^^^^^^^^^^^
  File "/var/www/ufaa_reunify_mobile_backend/ufaa_env/lib/python3.12/site-packages/django/db/backends/utils.py", line 79, in execute
    return self._execute_with_wrappers(
           ^^^^^^^^^^^^^^^^^^^^^^^^^^^^
  File "/var/www/ufaa_reunify_mobile_backend/ufaa_env/lib/python3.12/site-packages/django/db/backends/utils.py", line 92, in _execute_with_wrappers
    return executor(sql, params, many, context)
           ^^^^^^^^^^^^^^^^^^^^^^^^^^^^^^^^^^^^
  File "/var/www/ufaa_reunify_mobile_backend/ufaa_env/lib/python3.12/site-packages/django/db/backends/utils.py", line 100, in _execute
    with self.db.wrap_database_errors:
  File "/var/www/ufaa_reunify_mobile_backend/ufaa_env/lib/python3.12/site-packages/django/db/utils.py", line 94, in __exit__
    raise dj_exc_value.with_traceback(traceback) from exc_value
  File "/var/www/ufaa_reunify_mobile_backend/ufaa_env/lib/python3.12/site-packages/django/db/backends/utils.py", line 105, in _execute
    return self.cursor.execute(sql, params)
           ^^^^^^^^^^^^^^^^^^^^^^^^^^^^^^^^
  File "/var/www/ufaa_reunify_mobile_backend/ufaa_env/lib/python3.12/site-packages/mssql/base.py", line 768, in execute
    return self.cursor.execute(sql, params)
           ^^^^^^^^^^^^^^^^^^^^^^^^^^^^^^^^
django.db.utils.ProgrammingError: ('42S22', "[42S22] [Microsoft][ODBC Driver 18 for SQL Server][SQL Server]Invalid column name 'No_'. (207) (SQLExecDirectW)")

ERROR 2026-06-24 07:34:57,922 services 2064886 136912032317568 Error pushing claim to live database: ('42S22', "[42S22] [Microsoft][ODBC Driver 18 for SQL Server][SQL Server]Invalid column name 'No_'. (207) (SQLExecDirectW)")
ERROR 2026-06-24 07:34:57,922 services 2064886 136912032317568 Traceback: Traceback (most recent call last):
  File "/var/www/ufaa_reunify_mobile_backend/ufaa_env/lib/python3.12/site-packages/django/db/backends/utils.py", line 105, in _execute
    return self.cursor.execute(sql, params)
           ^^^^^^^^^^^^^^^^^^^^^^^^^^^^^^^^
  File "/var/www/ufaa_reunify_mobile_backend/ufaa_env/lib/python3.12/site-packages/mssql/base.py", line 768, in execute
    return self.cursor.execute(sql, params)
           ^^^^^^^^^^^^^^^^^^^^^^^^^^^^^^^^
pyodbc.ProgrammingError: ('42S22', "[42S22] [Microsoft][ODBC Driver 18 for SQL Server][SQL Server]Invalid column name 'No_'. (207) (SQLExecDirectW)")

The above exception was the direct cause of the following exception:

Traceback (most recent call last):
  File "/var/www/ufaa_reunify_mobile_backend/ufaamobilebackend/apps/live_operations/services.py", line 539, in push_claim_to_live
    cursor.execute(insert_asset_sql, [
  File "/var/www/ufaa_reunify_mobile_backend/ufaa_env/lib/python3.12/site-packages/django/db/backends/utils.py", line 122, in execute
    return super().execute(sql, params)
           ^^^^^^^^^^^^^^^^^^^^^^^^^^^^
  File "/var/www/ufaa_reunify_mobile_backend/ufaa_env/lib/python3.12/site-packages/django/db/backends/utils.py", line 79, in execute
    return self._execute_with_wrappers(
           ^^^^^^^^^^^^^^^^^^^^^^^^^^^^
  File "/var/www/ufaa_reunify_mobile_backend/ufaa_env/lib/python3.12/site-packages/django/db/backends/utils.py", line 92, in _execute_with_wrappers
    return executor(sql, params, many, context)
           ^^^^^^^^^^^^^^^^^^^^^^^^^^^^^^^^^^^^
  File "/var/www/ufaa_reunify_mobile_backend/ufaa_env/lib/python3.12/site-packages/django/db/backends/utils.py", line 100, in _execute
    with self.db.wrap_database_errors:
  File "/var/www/ufaa_reunify_mobile_backend/ufaa_env/lib/python3.12/site-packages/django/db/utils.py", line 94, in __exit__
    raise dj_exc_value.with_traceback(traceback) from exc_value
  File "/var/www/ufaa_reunify_mobile_backend/ufaa_env/lib/python3.12/site-packages/django/db/backends/utils.py", line 105, in _execute
    return self.cursor.execute(sql, params)
           ^^^^^^^^^^^^^^^^^^^^^^^^^^^^^^^^
  File "/var/www/ufaa_reunify_mobile_backend/ufaa_env/lib/python3.12/site-packages/mssql/base.py", line 768, in execute
    return self.cursor.execute(sql, params)
           ^^^^^^^^^^^^^^^^^^^^^^^^^^^^^^^^
django.db.utils.ProgrammingError: ('42S22', "[42S22] [Microsoft][ODBC Driver 18 for SQL Server][SQL Server]Invalid column name 'No_'. (207) (SQLExecDirectW)")

ERROR 2026-06-24 07:34:57,938 services 2064886 136912032317568 Error pushing claim to live database: ('42S22', "[42S22] [Microsoft][ODBC Driver 18 for SQL Server][SQL Server]Invalid column name 'No_'. (207) (SQLExecDirectW)")
ERROR 2026-06-24 07:34:57,939 services 2064886 136912032317568 Traceback: Traceback (most recent call last):
  File "/var/www/ufaa_reunify_mobile_backend/ufaa_env/lib/python3.12/site-packages/django/db/backends/utils.py", line 105, in _execute
    return self.cursor.execute(sql, params)
           ^^^^^^^^^^^^^^^^^^^^^^^^^^^^^^^^
  File "/var/www/ufaa_reunify_mobile_backend/ufaa_env/lib/python3.12/site-packages/mssql/base.py", line 768, in execute
    return self.cursor.execute(sql, params)
           ^^^^^^^^^^^^^^^^^^^^^^^^^^^^^^^^
pyodbc.ProgrammingError: ('42S22', "[42S22] [Microsoft][ODBC Driver 18 for SQL Server][SQL Server]Invalid column name 'No_'. (207) (SQLExecDirectW)")

The above exception was the direct cause of the following exception:

Traceback (most recent call last):
  File "/var/www/ufaa_reunify_mobile_backend/ufaamobilebackend/apps/live_operations/services.py", line 539, in push_claim_to_live
    cursor.execute(insert_asset_sql, [
  File "/var/www/ufaa_reunify_mobile_backend/ufaa_env/lib/python3.12/site-packages/django/db/backends/utils.py", line 122, in execute
    return super().execute(sql, params)
           ^^^^^^^^^^^^^^^^^^^^^^^^^^^^
  File "/var/www/ufaa_reunify_mobile_backend/ufaa_env/lib/python3.12/site-packages/django/db/backends/utils.py", line 79, in execute
    return self._execute_with_wrappers(
           ^^^^^^^^^^^^^^^^^^^^^^^^^^^^
  File "/var/www/ufaa_reunify_mobile_backend/ufaa_env/lib/python3.12/site-packages/django/db/backends/utils.py", line 92, in _execute_with_wrappers
    return executor(sql, params, many, context)
           ^^^^^^^^^^^^^^^^^^^^^^^^^^^^^^^^^^^^
  File "/var/www/ufaa_reunify_mobile_backend/ufaa_env/lib/python3.12/site-packages/django/db/backends/utils.py", line 100, in _execute
    with self.db.wrap_database_errors:
  File "/var/www/ufaa_reunify_mobile_backend/ufaa_env/lib/python3.12/site-packages/django/db/utils.py", line 94, in __exit__
    raise dj_exc_value.with_traceback(traceback) from exc_value
  File "/var/www/ufaa_reunify_mobile_backend/ufaa_env/lib/python3.12/site-packages/django/db/backends/utils.py", line 105, in _execute
    return self.cursor.execute(sql, params)
           ^^^^^^^^^^^^^^^^^^^^^^^^^^^^^^^^
  File "/var/www/ufaa_reunify_mobile_backend/ufaa_env/lib/python3.12/site-packages/mssql/base.py", line 768, in execute
    return self.cursor.execute(sql, params)
           ^^^^^^^^^^^^^^^^^^^^^^^^^^^^^^^^
django.db.utils.ProgrammingError: ('42S22', "[42S22] [Microsoft][ODBC Driver 18 for SQL Server][SQL Server]Invalid column name 'No_'. (207) (SQLExecDirectW)")

ERROR 2026-06-24 07:34:57,956 services 2064886 136912032317568 Error pushing claim to live database: ('42S22', "[42S22] [Microsoft][ODBC Driver 18 for SQL Server][SQL Server]Invalid column name 'No_'. (207) (SQLExecDirectW)")
ERROR 2026-06-24 07:34:57,957 services 2064886 136912032317568 Traceback: Traceback (most recent call last):
  File "/var/www/ufaa_reunify_mobile_backend/ufaa_env/lib/python3.12/site-packages/django/db/backends/utils.py", line 105, in _execute
    return self.cursor.execute(sql, params)
           ^^^^^^^^^^^^^^^^^^^^^^^^^^^^^^^^
  File "/var/www/ufaa_reunify_mobile_backend/ufaa_env/lib/python3.12/site-packages/mssql/base.py", line 768, in execute
    return self.cursor.execute(sql, params)
           ^^^^^^^^^^^^^^^^^^^^^^^^^^^^^^^^
pyodbc.ProgrammingError: ('42S22', "[42S22] [Microsoft][ODBC Driver 18 for SQL Server][SQL Server]Invalid column name 'No_'. (207) (SQLExecDirectW)")

The above exception was the direct cause of the following exception:

Traceback (most recent call last):
  File "/var/www/ufaa_reunify_mobile_backend/ufaamobilebackend/apps/live_operations/services.py", line 539, in push_claim_to_live
    cursor.execute(insert_asset_sql, [
  File "/var/www/ufaa_reunify_mobile_backend/ufaa_env/lib/python3.12/site-packages/django/db/backends/utils.py", line 122, in execute
    return super().execute(sql, params)
           ^^^^^^^^^^^^^^^^^^^^^^^^^^^^
  File "/var/www/ufaa_reunify_mobile_backend/ufaa_env/lib/python3.12/site-packages/django/db/backends/utils.py", line 79, in execute
    return self._execute_with_wrappers(
           ^^^^^^^^^^^^^^^^^^^^^^^^^^^^
  File "/var/www/ufaa_reunify_mobile_backend/ufaa_env/lib/python3.12/site-packages/django/db/backends/utils.py", line 92, in _execute_with_wrappers
    return executor(sql, params, many, context)
           ^^^^^^^^^^^^^^^^^^^^^^^^^^^^^^^^^^^^
  File "/var/www/ufaa_reunify_mobile_backend/ufaa_env/lib/python3.12/site-packages/django/db/backends/utils.py", line 100, in _execute
    with self.db.wrap_database_errors:
  File "/var/www/ufaa_reunify_mobile_backend/ufaa_env/lib/python3.12/site-packages/django/db/utils.py", line 94, in __exit__
    raise dj_exc_value.with_traceback(traceback) from exc_value
  File "/var/www/ufaa_reunify_mobile_backend/ufaa_env/lib/python3.12/site-packages/django/db/backends/utils.py", line 105, in _execute
    return self.cursor.execute(sql, params)
           ^^^^^^^^^^^^^^^^^^^^^^^^^^^^^^^^
  File "/var/www/ufaa_reunify_mobile_backend/ufaa_env/lib/python3.12/site-packages/mssql/base.py", line 768, in execute
    return self.cursor.execute(sql, params)
           ^^^^^^^^^^^^^^^^^^^^^^^^^^^^^^^^
django.db.utils.ProgrammingError: ('42S22', "[42S22] [Microsoft][ODBC Driver 18 for SQL Server][SQL Server]Invalid column name 'No_'. (207) (SQLExecDirectW)")

ERROR 2026-06-24 07:34:57,973 services 2064886 136912032317568 Error pushing claim to live database: ('42S22', "[42S22] [Microsoft][ODBC Driver 18 for SQL Server][SQL Server]Invalid column name 'No_'. (207) (SQLExecDirectW)")
ERROR 2026-06-24 07:34:57,973 services 2064886 136912032317568 Traceback: Traceback (most recent call last):
  File "/var/www/ufaa_reunify_mobile_backend/ufaa_env/lib/python3.12/site-packages/django/db/backends/utils.py", line 105, in _execute
    return self.cursor.execute(sql, params)
           ^^^^^^^^^^^^^^^^^^^^^^^^^^^^^^^^
  File "/var/www/ufaa_reunify_mobile_backend/ufaa_env/lib/python3.12/site-packages/mssql/base.py", line 768, in execute
    return self.cursor.execute(sql, params)
           ^^^^^^^^^^^^^^^^^^^^^^^^^^^^^^^^
pyodbc.ProgrammingError: ('42S22', "[42S22] [Microsoft][ODBC Driver 18 for SQL Server][SQL Server]Invalid column name 'No_'. (207) (SQLExecDirectW)")

The above exception was the direct cause of the following exception:

Traceback (most recent call last):
  File "/var/www/ufaa_reunify_mobile_backend/ufaamobilebackend/apps/live_operations/services.py", line 539, in push_claim_to_live
    cursor.execute(insert_asset_sql, [
  File "/var/www/ufaa_reunify_mobile_backend/ufaa_env/lib/python3.12/site-packages/django/db/backends/utils.py", line 122, in execute
    return super().execute(sql, params)
           ^^^^^^^^^^^^^^^^^^^^^^^^^^^^
  File "/var/www/ufaa_reunify_mobile_backend/ufaa_env/lib/python3.12/site-packages/django/db/backends/utils.py", line 79, in execute
    return self._execute_with_wrappers(
           ^^^^^^^^^^^^^^^^^^^^^^^^^^^^
  File "/var/www/ufaa_reunify_mobile_backend/ufaa_env/lib/python3.12/site-packages/django/db/backends/utils.py", line 92, in _execute_with_wrappers
    return executor(sql, params, many, context)
           ^^^^^^^^^^^^^^^^^^^^^^^^^^^^^^^^^^^^
  File "/var/www/ufaa_reunify_mobile_backend/ufaa_env/lib/python3.12/site-packages/django/db/backends/utils.py", line 100, in _execute
    with self.db.wrap_database_errors:
  File "/var/www/ufaa_reunify_mobile_backend/ufaa_env/lib/python3.12/site-packages/django/db/utils.py", line 94, in __exit__
    raise dj_exc_value.with_traceback(traceback) from exc_value
  File "/var/www/ufaa_reunify_mobile_backend/ufaa_env/lib/python3.12/site-packages/django/db/backends/utils.py", line 105, in _execute
    return self.cursor.execute(sql, params)
           ^^^^^^^^^^^^^^^^^^^^^^^^^^^^^^^^
  File "/var/www/ufaa_reunify_mobile_backend/ufaa_env/lib/python3.12/site-packages/mssql/base.py", line 768, in execute
    return self.cursor.execute(sql, params)
           ^^^^^^^^^^^^^^^^^^^^^^^^^^^^^^^^
django.db.utils.ProgrammingError: ('42S22', "[42S22] [Microsoft][ODBC Driver 18 for SQL Server][SQL Server]Invalid column name 'No_'. (207) (SQLExecDirectW)")

ERROR 2026-06-24 07:34:57,990 services 2064886 136912032317568 Error pushing claim to live database: ('42S22', "[42S22] [Microsoft][ODBC Driver 18 for SQL Server][SQL Server]Invalid column name 'No_'. (207) (SQLExecDirectW)")
ERROR 2026-06-24 07:34:57,990 services 2064886 136912032317568 Traceback: Traceback (most recent call last):
  File "/var/www/ufaa_reunify_mobile_backend/ufaa_env/lib/python3.12/site-packages/django/db/backends/utils.py", line 105, in _execute
    return self.cursor.execute(sql, params)
           ^^^^^^^^^^^^^^^^^^^^^^^^^^^^^^^^
  File "/var/www/ufaa_reunify_mobile_backend/ufaa_env/lib/python3.12/site-packages/mssql/base.py", line 768, in execute
    return self.cursor.execute(sql, params)
           ^^^^^^^^^^^^^^^^^^^^^^^^^^^^^^^^
pyodbc.ProgrammingError: ('42S22', "[42S22] [Microsoft][ODBC Driver 18 for SQL Server][SQL Server]Invalid column name 'No_'. (207) (SQLExecDirectW)")

The above exception was the direct cause of the following exception:

Traceback (most recent call last):
  File "/var/www/ufaa_reunify_mobile_backend/ufaamobilebackend/apps/live_operations/services.py", line 539, in push_claim_to_live
    cursor.execute(insert_asset_sql, [
  File "/var/www/ufaa_reunify_mobile_backend/ufaa_env/lib/python3.12/site-packages/django/db/backends/utils.py", line 122, in execute
    return super().execute(sql, params)
           ^^^^^^^^^^^^^^^^^^^^^^^^^^^^
  File "/var/www/ufaa_reunify_mobile_backend/ufaa_env/lib/python3.12/site-packages/django/db/backends/utils.py", line 79, in execute
    return self._execute_with_wrappers(
           ^^^^^^^^^^^^^^^^^^^^^^^^^^^^
  File "/var/www/ufaa_reunify_mobile_backend/ufaa_env/lib/python3.12/site-packages/django/db/backends/utils.py", line 92, in _execute_with_wrappers
    return executor(sql, params, many, context)
           ^^^^^^^^^^^^^^^^^^^^^^^^^^^^^^^^^^^^
  File "/var/www/ufaa_reunify_mobile_backend/ufaa_env/lib/python3.12/site-packages/django/db/backends/utils.py", line 100, in _execute
    with self.db.wrap_database_errors:
  File "/var/www/ufaa_reunify_mobile_backend/ufaa_env/lib/python3.12/site-packages/django/db/utils.py", line 94, in __exit__
    raise dj_exc_value.with_traceback(traceback) from exc_value
  File "/var/www/ufaa_reunify_mobile_backend/ufaa_env/lib/python3.12/site-packages/django/db/backends/utils.py", line 105, in _execute
    return self.cursor.execute(sql, params)
           ^^^^^^^^^^^^^^^^^^^^^^^^^^^^^^^^
  File "/var/www/ufaa_reunify_mobile_backend/ufaa_env/lib/python3.12/site-packages/mssql/base.py", line 768, in execute
    return self.cursor.execute(sql, params)
           ^^^^^^^^^^^^^^^^^^^^^^^^^^^^^^^^
django.db.utils.ProgrammingError: ('42S22', "[42S22] [Microsoft][ODBC Driver 18 for SQL Server][SQL Server]Invalid column name 'No_'. (207) (SQLExecDirectW)")

ERROR 2026-06-24 07:34:58,011 services 2064886 136912032317568 Error pushing claim to live database: ('42S22', "[42S22] [Microsoft][ODBC Driver 18 for SQL Server][SQL Server]Invalid column name 'No_'. (207) (SQLExecDirectW)")
ERROR 2026-06-24 07:34:58,012 services 2064886 136912032317568 Traceback: Traceback (most recent call last):
  File "/var/www/ufaa_reunify_mobile_backend/ufaa_env/lib/python3.12/site-packages/django/db/backends/utils.py", line 105, in _execute
    return self.cursor.execute(sql, params)
           ^^^^^^^^^^^^^^^^^^^^^^^^^^^^^^^^
  File "/var/www/ufaa_reunify_mobile_backend/ufaa_env/lib/python3.12/site-packages/mssql/base.py", line 768, in execute
    return self.cursor.execute(sql, params)
           ^^^^^^^^^^^^^^^^^^^^^^^^^^^^^^^^
pyodbc.ProgrammingError: ('42S22', "[42S22] [Microsoft][ODBC Driver 18 for SQL Server][SQL Server]Invalid column name 'No_'. (207) (SQLExecDirectW)")

The above exception was the direct cause of the following exception:

Traceback (most recent call last):
  File "/var/www/ufaa_reunify_mobile_backend/ufaamobilebackend/apps/live_operations/services.py", line 539, in push_claim_to_live
    cursor.execute(insert_asset_sql, [
  File "/var/www/ufaa_reunify_mobile_backend/ufaa_env/lib/python3.12/site-packages/django/db/backends/utils.py", line 122, in execute
    return super().execute(sql, params)
           ^^^^^^^^^^^^^^^^^^^^^^^^^^^^
  File "/var/www/ufaa_reunify_mobile_backend/ufaa_env/lib/python3.12/site-packages/django/db/backends/utils.py", line 79, in execute
    return self._execute_with_wrappers(
           ^^^^^^^^^^^^^^^^^^^^^^^^^^^^
  File "/var/www/ufaa_reunify_mobile_backend/ufaa_env/lib/python3.12/site-packages/django/db/backends/utils.py", line 92, in _execute_with_wrappers
    return executor(sql, params, many, context)
           ^^^^^^^^^^^^^^^^^^^^^^^^^^^^^^^^^^^^
  File "/var/www/ufaa_reunify_mobile_backend/ufaa_env/lib/python3.12/site-packages/django/db/backends/utils.py", line 100, in _execute
    with self.db.wrap_database_errors:
  File "/var/www/ufaa_reunify_mobile_backend/ufaa_env/lib/python3.12/site-packages/django/db/utils.py", line 94, in __exit__
    raise dj_exc_value.with_traceback(traceback) from exc_value
  File "/var/www/ufaa_reunify_mobile_backend/ufaa_env/lib/python3.12/site-packages/django/db/backends/utils.py", line 105, in _execute
    return self.cursor.execute(sql, params)
           ^^^^^^^^^^^^^^^^^^^^^^^^^^^^^^^^
  File "/var/www/ufaa_reunify_mobile_backend/ufaa_env/lib/python3.12/site-packages/mssql/base.py", line 768, in execute
    return self.cursor.execute(sql, params)
           ^^^^^^^^^^^^^^^^^^^^^^^^^^^^^^^^
django.db.utils.ProgrammingError: ('42S22', "[42S22] [Microsoft][ODBC Driver 18 for SQL Server][SQL Server]Invalid column name 'No_'. (207) (SQLExecDirectW)")

ERROR 2026-06-24 07:34:58,032 services 2064886 136912032317568 Error pushing claim to live database: ('42S22', "[42S22] [Microsoft][ODBC Driver 18 for SQL Server][SQL Server]Invalid column name 'No_'. (207) (SQLExecDirectW)")
ERROR 2026-06-24 07:34:58,032 services 2064886 136912032317568 Traceback: Traceback (most recent call last):
  File "/var/www/ufaa_reunify_mobile_backend/ufaa_env/lib/python3.12/site-packages/django/db/backends/utils.py", line 105, in _execute
    return self.cursor.execute(sql, params)
           ^^^^^^^^^^^^^^^^^^^^^^^^^^^^^^^^
  File "/var/www/ufaa_reunify_mobile_backend/ufaa_env/lib/python3.12/site-packages/mssql/base.py", line 768, in execute
    return self.cursor.execute(sql, params)
           ^^^^^^^^^^^^^^^^^^^^^^^^^^^^^^^^
pyodbc.ProgrammingError: ('42S22', "[42S22] [Microsoft][ODBC Driver 18 for SQL Server][SQL Server]Invalid column name 'No_'. (207) (SQLExecDirectW)")

The above exception was the direct cause of the following exception:

Traceback (most recent call last):
  File "/var/www/ufaa_reunify_mobile_backend/ufaamobilebackend/apps/live_operations/services.py", line 539, in push_claim_to_live
    cursor.execute(insert_asset_sql, [
  File "/var/www/ufaa_reunify_mobile_backend/ufaa_env/lib/python3.12/site-packages/django/db/backends/utils.py", line 122, in execute
    return super().execute(sql, params)
           ^^^^^^^^^^^^^^^^^^^^^^^^^^^^
  File "/var/www/ufaa_reunify_mobile_backend/ufaa_env/lib/python3.12/site-packages/django/db/backends/utils.py", line 79, in execute
    return self._execute_with_wrappers(
           ^^^^^^^^^^^^^^^^^^^^^^^^^^^^
  File "/var/www/ufaa_reunify_mobile_backend/ufaa_env/lib/python3.12/site-packages/django/db/backends/utils.py", line 92, in _execute_with_wrappers
    return executor(sql, params, many, context)
           ^^^^^^^^^^^^^^^^^^^^^^^^^^^^^^^^^^^^
  File "/var/www/ufaa_reunify_mobile_backend/ufaa_env/lib/python3.12/site-packages/django/db/backends/utils.py", line 100, in _execute
    with self.db.wrap_database_errors:
  File "/var/www/ufaa_reunify_mobile_backend/ufaa_env/lib/python3.12/site-packages/django/db/utils.py", line 94, in __exit__
    raise dj_exc_value.with_traceback(traceback) from exc_value
  File "/var/www/ufaa_reunify_mobile_backend/ufaa_env/lib/python3.12/site-packages/django/db/backends/utils.py", line 105, in _execute
    return self.cursor.execute(sql, params)
           ^^^^^^^^^^^^^^^^^^^^^^^^^^^^^^^^
  File "/var/www/ufaa_reunify_mobile_backend/ufaa_env/lib/python3.12/site-packages/mssql/base.py", line 768, in execute
    return self.cursor.execute(sql, params)
           ^^^^^^^^^^^^^^^^^^^^^^^^^^^^^^^^
django.db.utils.ProgrammingError: ('42S22', "[42S22] [Microsoft][ODBC Driver 18 for SQL Server][SQL Server]Invalid column name 'No_'. (207) (SQLExecDirectW)")

ERROR 2026-06-24 07:34:58,054 services 2064886 136912032317568 Error pushing claim to live database: ('42S22', "[42S22] [Microsoft][ODBC Driver 18 for SQL Server][SQL Server]Invalid column name 'No_'. (207) (SQLExecDirectW)")
ERROR 2026-06-24 07:34:58,055 services 2064886 136912032317568 Traceback: Traceback (most recent call last):
  File "/var/www/ufaa_reunify_mobile_backend/ufaa_env/lib/python3.12/site-packages/django/db/backends/utils.py", line 105, in _execute
    return self.cursor.execute(sql, params)
           ^^^^^^^^^^^^^^^^^^^^^^^^^^^^^^^^
  File "/var/www/ufaa_reunify_mobile_backend/ufaa_env/lib/python3.12/site-packages/mssql/base.py", line 768, in execute
    return self.cursor.execute(sql, params)
           ^^^^^^^^^^^^^^^^^^^^^^^^^^^^^^^^
pyodbc.ProgrammingError: ('42S22', "[42S22] [Microsoft][ODBC Driver 18 for SQL Server][SQL Server]Invalid column name 'No_'. (207) (SQLExecDirectW)")

The above exception was the direct cause of the following exception:

Traceback (most recent call last):
  File "/var/www/ufaa_reunify_mobile_backend/ufaamobilebackend/apps/live_operations/services.py", line 539, in push_claim_to_live
    cursor.execute(insert_asset_sql, [
  File "/var/www/ufaa_reunify_mobile_backend/ufaa_env/lib/python3.12/site-packages/django/db/backends/utils.py", line 122, in execute
    return super().execute(sql, params)
           ^^^^^^^^^^^^^^^^^^^^^^^^^^^^
  File "/var/www/ufaa_reunify_mobile_backend/ufaa_env/lib/python3.12/site-packages/django/db/backends/utils.py", line 79, in execute
    return self._execute_with_wrappers(
           ^^^^^^^^^^^^^^^^^^^^^^^^^^^^
  File "/var/www/ufaa_reunify_mobile_backend/ufaa_env/lib/python3.12/site-packages/django/db/backends/utils.py", line 92, in _execute_with_wrappers
    return executor(sql, params, many, context)
           ^^^^^^^^^^^^^^^^^^^^^^^^^^^^^^^^^^^^
  File "/var/www/ufaa_reunify_mobile_backend/ufaa_env/lib/python3.12/site-packages/django/db/backends/utils.py", line 100, in _execute
    with self.db.wrap_database_errors:
  File "/var/www/ufaa_reunify_mobile_backend/ufaa_env/lib/python3.12/site-packages/django/db/utils.py", line 94, in __exit__
    raise dj_exc_value.with_traceback(traceback) from exc_value
  File "/var/www/ufaa_reunify_mobile_backend/ufaa_env/lib/python3.12/site-packages/django/db/backends/utils.py", line 105, in _execute
    return self.cursor.execute(sql, params)
           ^^^^^^^^^^^^^^^^^^^^^^^^^^^^^^^^
  File "/var/www/ufaa_reunify_mobile_backend/ufaa_env/lib/python3.12/site-packages/mssql/base.py", line 768, in execute
    return self.cursor.execute(sql, params)
           ^^^^^^^^^^^^^^^^^^^^^^^^^^^^^^^^
django.db.utils.ProgrammingError: ('42S22', "[42S22] [Microsoft][ODBC Driver 18 for SQL Server][SQL Server]Invalid column name 'No_'. (207) (SQLExecDirectW)")

ERROR 2026-06-24 08:32:03,124 services 2067172 132275250438272 ❌ Error creating claim: ('42S22', "[42S22] [Microsoft][ODBC Driver 18 for SQL Server][SQL Server]Invalid column name 'No_'. (207) (SQLExecDirectW)")
ERROR 2026-06-24 08:32:03,205 services 2067172 132275250438272 ❌ Error creating claim: ('42S22', "[42S22] [Microsoft][ODBC Driver 18 for SQL Server][SQL Server]Invalid column name 'No_'. (207) (SQLExecDirectW)")
ERROR 2026-06-24 08:32:03,262 services 2067172 132275250438272 ❌ Error creating claim: ('42S22', "[42S22] [Microsoft][ODBC Driver 18 for SQL Server][SQL Server]Invalid column name 'No_'. (207) (SQLExecDirectW)")
ERROR 2026-06-24 08:32:03,289 services 2067172 132275250438272 ❌ Error creating claim: ('42S22', "[42S22] [Microsoft][ODBC Driver 18 for SQL Server][SQL Server]Invalid column name 'No_'. (207) (SQLExecDirectW)")
ERROR 2026-06-24 08:32:03,312 services 2067172 132275250438272 ❌ Error creating claim: ('42S22', "[42S22] [Microsoft][ODBC Driver 18 for SQL Server][SQL Server]Invalid column name 'No_'. (207) (SQLExecDirectW)")
ERROR 2026-06-24 08:32:03,336 services 2067172 132275250438272 ❌ Error creating claim: ('42S22', "[42S22] [Microsoft][ODBC Driver 18 for SQL Server][SQL Server]Invalid column name 'No_'. (207) (SQLExecDirectW)")
ERROR 2026-06-24 08:32:03,386 services 2067172 132275250438272 ❌ Error creating claim: ('42S22', "[42S22] [Microsoft][ODBC Driver 18 for SQL Server][SQL Server]Invalid column name 'No_'. (207) (SQLExecDirectW)")
ERROR 2026-06-24 08:32:03,431 services 2067172 132275250438272 ❌ Error creating claim: ('42S22', "[42S22] [Microsoft][ODBC Driver 18 for SQL Server][SQL Server]Invalid column name 'No_'. (207) (SQLExecDirectW)")
ERROR 2026-06-24 08:32:03,470 services 2067172 132275250438272 ❌ Error creating claim: ('42S22', "[42S22] [Microsoft][ODBC Driver 18 for SQL Server][SQL Server]Invalid column name 'No_'. (207) (SQLExecDirectW)")
ERROR 2026-06-24 08:50:48,858 services 2067890 134739071455360 ❌ Error creating claim: ('42S22', "[42S22] [Microsoft][ODBC Driver 18 for SQL Server][SQL Server]Invalid column name 'No_'. (207) (SQLExecDirectW)")
ERROR 2026-06-24 08:50:48,888 services 2067890 134739071455360 ❌ Error creating claim: ('42S22', "[42S22] [Microsoft][ODBC Driver 18 for SQL Server][SQL Server]Invalid column name 'No_'. (207) (SQLExecDirectW)")
ERROR 2026-06-24 08:50:48,913 services 2067890 134739071455360 ❌ Error creating claim: ('42S22', "[42S22] [Microsoft][ODBC Driver 18 for SQL Server][SQL Server]Invalid column name 'No_'. (207) (SQLExecDirectW)")
ERROR 2026-06-24 08:50:48,921 services 2067890 134739071455360 ❌ Error creating claim: ('42S22', "[42S22] [Microsoft][ODBC Driver 18 for SQL Server][SQL Server]Invalid column name 'No_'. (207) (SQLExecDirectW)")
ERROR 2026-06-24 08:50:48,949 services 2067890 134739071455360 ❌ Error creating claim: ('42S22', "[42S22] [Microsoft][ODBC Driver 18 for SQL Server][SQL Server]Invalid column name 'No_'. (207) (SQLExecDirectW)")
ERROR 2026-06-24 08:50:48,972 services 2067890 134739071455360 ❌ Error creating claim: ('42S22', "[42S22] [Microsoft][ODBC Driver 18 for SQL Server][SQL Server]Invalid column name 'No_'. (207) (SQLExecDirectW)")
ERROR 2026-06-24 08:50:48,981 services 2067890 134739071455360 ❌ Error creating claim: ('42S22', "[42S22] [Microsoft][ODBC Driver 18 for SQL Server][SQL Server]Invalid column name 'No_'. (207) (SQLExecDirectW)")
ERROR 2026-06-24 08:50:49,000 services 2067890 134739071455360 ❌ Error creating claim: ('42S22', "[42S22] [Microsoft][ODBC Driver 18 for SQL Server][SQL Server]Invalid column name 'No_'. (207) (SQLExecDirectW)")
ERROR 2026-06-24 08:50:49,021 services 2067890 134739071455360 ❌ Error creating claim: ('42S22', "[42S22] [Microsoft][ODBC Driver 18 for SQL Server][SQL Server]Invalid column name 'No_'. (207) (SQLExecDirectW)")
ERROR 2026-06-24 08:50:49,029 services 2067890 134739071455360 ❌ Error creating claim: ('42S22', "[42S22] [Microsoft][ODBC Driver 18 for SQL Server][SQL Server]Invalid column name 'No_'. (207) (SQLExecDirectW)")
ERROR 2026-06-24 08:50:49,037 services 2067890 134739071455360 ❌ Error creating claim: ('42S22', "[42S22] [Microsoft][ODBC Driver 18 for SQL Server][SQL Server]Invalid column name 'No_'. (207) (SQLExecDirectW)")
ERROR 2026-06-24 08:50:49,057 services 2067890 134739071455360 ❌ Error creating claim: ('42S22', "[42S22] [Microsoft][ODBC Driver 18 for SQL Server][SQL Server]Invalid column name 'No_'. (207) (SQLExecDirectW)")
ERROR 2026-06-24 08:50:49,072 services 2067890 134739071455360 ❌ Error creating claim: ('42S22', "[42S22] [Microsoft][ODBC Driver 18 for SQL Server][SQL Server]Invalid column name 'No_'. (207) (SQLExecDirectW)")
ERROR 2026-06-24 08:50:49,081 services 2067890 134739071455360 ❌ Error creating claim: ('42S22', "[42S22] [Microsoft][ODBC Driver 18 for SQL Server][SQL Server]Invalid column name 'No_'. (207) (SQLExecDirectW)")
ERROR 2026-06-24 08:50:49,106 services 2067890 134739071455360 ❌ Error creating claim: ('42S22', "[42S22] [Microsoft][ODBC Driver 18 for SQL Server][SQL Server]Invalid column name 'No_'. (207) (SQLExecDirectW)")
ERROR 2026-06-24 08:50:49,115 services 2067890 134739071455360 ❌ Error creating claim: ('42S22', "[42S22] [Microsoft][ODBC Driver 18 for SQL Server][SQL Server]Invalid column name 'No_'. (207) (SQLExecDirectW)")
ERROR 2026-06-24 08:50:49,123 services 2067890 134739071455360 ❌ Error creating claim: ('42S22', "[42S22] [Microsoft][ODBC Driver 18 for SQL Server][SQL Server]Invalid column name 'No_'. (207) (SQLExecDirectW)")
ERROR 2026-06-24 08:50:49,144 services 2067890 134739071455360 ❌ Error creating claim: ('42S22', "[42S22] [Microsoft][ODBC Driver 18 for SQL Server][SQL Server]Invalid column name 'No_'. (207) (SQLExecDirectW)")
ERROR 2026-06-24 08:50:49,153 services 2067890 134739071455360 ❌ Error creating claim: ('42S22', "[42S22] [Microsoft][ODBC Driver 18 for SQL Server][SQL Server]Invalid column name 'No_'. (207) (SQLExecDirectW)")
ERROR 2026-06-24 08:50:49,179 services 2067890 134739071455360 ❌ Error creating claim: ('42S22', "[42S22] [Microsoft][ODBC Driver 18 for SQL Server][SQL Server]Invalid column name 'No_'. (207) (SQLExecDirectW)")
ERROR 2026-06-24 08:50:49,208 services 2067890 134739071455360 ❌ Error creating claim: ('42S22', "[42S22] [Microsoft][ODBC Driver 18 for SQL Server][SQL Server]Invalid column name 'No_'. (207) (SQLExecDirectW)")
ERROR 2026-06-24 08:50:49,216 services 2067890 134739071455360 ❌ Error creating claim: ('42S22', "[42S22] [Microsoft][ODBC Driver 18 for SQL Server][SQL Server]Invalid column name 'No_'. (207) (SQLExecDirectW)")
ERROR 2026-06-24 08:50:49,238 services 2067890 134739071455360 ❌ Error creating claim: ('42S22', "[42S22] [Microsoft][ODBC Driver 18 for SQL Server][SQL Server]Invalid column name 'No_'. (207) (SQLExecDirectW)")
ERROR 2026-06-24 08:50:49,260 services 2067890 134739071455360 ❌ Error creating claim: ('42S22', "[42S22] [Microsoft][ODBC Driver 18 for SQL Server][SQL Server]Invalid column name 'No_'. (207) (SQLExecDirectW)")
ERROR 2026-06-24 08:50:49,268 services 2067890 134739071455360 ❌ Error creating claim: ('42S22', "[42S22] [Microsoft][ODBC Driver 18 for SQL Server][SQL Server]Invalid column name 'No_'. (207) (SQLExecDirectW)")
ERROR 2026-06-24 08:50:49,287 services 2067890 134739071455360 ❌ Error creating claim: ('42S22', "[42S22] [Microsoft][ODBC Driver 18 for SQL Server][SQL Server]Invalid column name 'No_'. (207) (SQLExecDirectW)")
ERROR 2026-06-24 08:50:49,388 services 2067890 134739071455360 Error pushing claim to live database: duplicate key value violates unique constraint "claims_no_key"
DETAIL:  Key (no)=(CLM-27457180-17-1782280249) already exists.

ERROR 2026-06-24 08:50:49,388 services 2067890 134739071455360 Traceback: Traceback (most recent call last):
  File "/var/www/ufaa_reunify_mobile_backend/ufaa_env/lib/python3.12/site-packages/django/db/backends/utils.py", line 105, in _execute
    return self.cursor.execute(sql, params)
           ^^^^^^^^^^^^^^^^^^^^^^^^^^^^^^^^
psycopg2.errors.UniqueViolation: duplicate key value violates unique constraint "claims_no_key"
DETAIL:  Key (no)=(CLM-27457180-17-1782280249) already exists.


The above exception was the direct cause of the following exception:

Traceback (most recent call last):
  File "/var/www/ufaa_reunify_mobile_backend/ufaamobilebackend/apps/live_operations/services.py", line 451, in push_claim_to_live
    claim.save(update_fields=['no'])
  File "/var/www/ufaa_reunify_mobile_backend/ufaamobilebackend/apps/claims/models.py", line 256, in save
    super().save(*args, **kwargs)
  File "/var/www/ufaa_reunify_mobile_backend/ufaa_env/lib/python3.12/site-packages/django/db/models/base.py", line 874, in save
    self.save_base(
  File "/var/www/ufaa_reunify_mobile_backend/ufaa_env/lib/python3.12/site-packages/django/db/models/base.py", line 966, in save_base
    updated = self._save_table(
              ^^^^^^^^^^^^^^^^^
  File "/var/www/ufaa_reunify_mobile_backend/ufaa_env/lib/python3.12/site-packages/django/db/models/base.py", line 1110, in _save_table
    results = self._do_update(
              ^^^^^^^^^^^^^^^^
  File "/var/www/ufaa_reunify_mobile_backend/ufaa_env/lib/python3.12/site-packages/django/db/models/base.py", line 1213, in _do_update
    return filtered._update(values, returning_fields)
           ^^^^^^^^^^^^^^^^^^^^^^^^^^^^^^^^^^^^^^^^^^
  File "/var/www/ufaa_reunify_mobile_backend/ufaa_env/lib/python3.12/site-packages/django/db/models/query.py", line 1327, in _update
    return query.get_compiler(self.db).execute_returning_sql(returning_fields)
           ^^^^^^^^^^^^^^^^^^^^^^^^^^^^^^^^^^^^^^^^^^^^^^^^^^^^^^^^^^^^^^^^^^^
  File "/var/www/ufaa_reunify_mobile_backend/ufaa_env/lib/python3.12/site-packages/django/db/models/sql/compiler.py", line 2140, in execute_returning_sql
    row_count = self.execute_sql(ROW_COUNT)
                ^^^^^^^^^^^^^^^^^^^^^^^^^^^
  File "/var/www/ufaa_reunify_mobile_backend/ufaa_env/lib/python3.12/site-packages/django/db/models/sql/compiler.py", line 2111, in execute_sql
    row_count = super().execute_sql(result_type)
                ^^^^^^^^^^^^^^^^^^^^^^^^^^^^^^^^
  File "/var/www/ufaa_reunify_mobile_backend/ufaa_env/lib/python3.12/site-packages/django/db/models/sql/compiler.py", line 1624, in execute_sql
    cursor.execute(sql, params)
  File "/var/www/ufaa_reunify_mobile_backend/ufaa_env/lib/python3.12/site-packages/django/db/backends/utils.py", line 122, in execute
    return super().execute(sql, params)
           ^^^^^^^^^^^^^^^^^^^^^^^^^^^^
  File "/var/www/ufaa_reunify_mobile_backend/ufaa_env/lib/python3.12/site-packages/django/db/backends/utils.py", line 79, in execute
    return self._execute_with_wrappers(
           ^^^^^^^^^^^^^^^^^^^^^^^^^^^^
  File "/var/www/ufaa_reunify_mobile_backend/ufaa_env/lib/python3.12/site-packages/django/db/backends/utils.py", line 92, in _execute_with_wrappers
    return executor(sql, params, many, context)
           ^^^^^^^^^^^^^^^^^^^^^^^^^^^^^^^^^^^^
  File "/var/www/ufaa_reunify_mobile_backend/ufaa_env/lib/python3.12/site-packages/django/db/backends/utils.py", line 100, in _execute
    with self.db.wrap_database_errors:
  File "/var/www/ufaa_reunify_mobile_backend/ufaa_env/lib/python3.12/site-packages/django/db/utils.py", line 94, in __exit__
    raise dj_exc_value.with_traceback(traceback) from exc_value
  File "/var/www/ufaa_reunify_mobile_backend/ufaa_env/lib/python3.12/site-packages/django/db/backends/utils.py", line 105, in _execute
    return self.cursor.execute(sql, params)
           ^^^^^^^^^^^^^^^^^^^^^^^^^^^^^^^^
django.db.utils.IntegrityError: duplicate key value violates unique constraint "claims_no_key"
DETAIL:  Key (no)=(CLM-27457180-17-1782280249) already exists.


ERROR 2026-06-24 09:03:55,724 services 2068381 128454195032192 ❌ Error creating claim: ('42S22', "[42S22] [Microsoft][ODBC Driver 18 for SQL Server][SQL Server]Invalid column name 'No_'. (207) (SQLExecDirectW)")
ERROR 2026-06-24 09:03:55,761 services 2068381 128454195032192 ❌ Error creating claim: ('42S22', "[42S22] [Microsoft][ODBC Driver 18 for SQL Server][SQL Server]Invalid column name 'No_'. (207) (SQLExecDirectW)")
ERROR 2026-06-24 09:03:55,806 services 2068381 128454195032192 ❌ Error creating claim: ('42S22', "[42S22] [Microsoft][ODBC Driver 18 for SQL Server][SQL Server]Invalid column name 'No_'. (207) (SQLExecDirectW)")
ERROR 2026-06-24 09:03:55,820 services 2068381 128454195032192 ❌ Error creating claim: ('42S22', "[42S22] [Microsoft][ODBC Driver 18 for SQL Server][SQL Server]Invalid column name 'No_'. (207) (SQLExecDirectW)")
ERROR 2026-06-24 09:03:55,867 services 2068381 128454195032192 ❌ Error creating claim: ('42S22', "[42S22] [Microsoft][ODBC Driver 18 for SQL Server][SQL Server]Invalid column name 'No_'. (207) (SQLExecDirectW)")
ERROR 2026-06-24 09:03:55,886 services 2068381 128454195032192 ❌ Error creating claim: ('42S22', "[42S22] [Microsoft][ODBC Driver 18 for SQL Server][SQL Server]Invalid column name 'No_'. (207) (SQLExecDirectW)")
ERROR 2026-06-24 09:03:55,920 services 2068381 128454195032192 ❌ Error creating claim: ('42S22', "[42S22] [Microsoft][ODBC Driver 18 for SQL Server][SQL Server]Invalid column name 'No_'. (207) (SQLExecDirectW)")
ERROR 2026-06-24 09:03:55,934 services 2068381 128454195032192 ❌ Error creating claim: ('42S22', "[42S22] [Microsoft][ODBC Driver 18 for SQL Server][SQL Server]Invalid column name 'No_'. (207) (SQLExecDirectW)")
ERROR 2026-06-24 09:03:55,962 services 2068381 128454195032192 ❌ Error creating claim: ('42S22', "[42S22] [Microsoft][ODBC Driver 18 for SQL Server][SQL Server]Invalid column name 'No_'. (207) (SQLExecDirectW)")
ERROR 2026-06-24 09:03:55,973 services 2068381 128454195032192 ❌ Error creating claim: ('42S22', "[42S22] [Microsoft][ODBC Driver 18 for SQL Server][SQL Server]Invalid column name 'No_'. (207) (SQLExecDirectW)")
ERROR 2026-06-24 09:03:56,089 services 2068381 128454195032192 ❌ Error creating claim: ('42S22', "[42S22] [Microsoft][ODBC Driver 18 for SQL Server][SQL Server]Invalid column name 'No_'. (207) (SQLExecDirectW)")
ERROR 2026-06-24 09:03:56,107 services 2068381 128454195032192 ❌ Error creating claim: ('42S22', "[42S22] [Microsoft][ODBC Driver 18 for SQL Server][SQL Server]Invalid column name 'No_'. (207) (SQLExecDirectW)")
ERROR 2026-06-24 09:03:56,149 services 2068381 128454195032192 ❌ Error creating claim: ('42S22', "[42S22] [Microsoft][ODBC Driver 18 for SQL Server][SQL Server]Invalid column name 'No_'. (207) (SQLExecDirectW)")
ERROR 2026-06-24 09:03:56,162 services 2068381 128454195032192 ❌ Error creating claim: ('42S22', "[42S22] [Microsoft][ODBC Driver 18 for SQL Server][SQL Server]Invalid column name 'No_'. (207) (SQLExecDirectW)")
ERROR 2026-06-24 09:03:56,216 services 2068381 128454195032192 ❌ Error creating claim: ('42S22', "[42S22] [Microsoft][ODBC Driver 18 for SQL Server][SQL Server]Invalid column name 'No_'. (207) (SQLExecDirectW)")
ERROR 2026-06-24 09:03:56,233 services 2068381 128454195032192 ❌ Error creating claim: ('42S22', "[42S22] [Microsoft][ODBC Driver 18 for SQL Server][SQL Server]Invalid column name 'No_'. (207) (SQLExecDirectW)")
ERROR 2026-06-24 09:03:56,276 services 2068381 128454195032192 ❌ Error creating claim: ('42S22', "[42S22] [Microsoft][ODBC Driver 18 for SQL Server][SQL Server]Invalid column name 'No_'. (207) (SQLExecDirectW)")
ERROR 2026-06-24 09:03:56,291 services 2068381 128454195032192 ❌ Error creating claim: ('42S22', "[42S22] [Microsoft][ODBC Driver 18 for SQL Server][SQL Server]Invalid column name 'No_'. (207) (SQLExecDirectW)")
ERROR 2026-06-29 10:24:55,984 services 2015767 125969103417472 Error pushing claim to live database: ('42000', "[42000] [Microsoft][ODBC Driver 18 for SQL Server][SQL Server]The INSERT permission was denied on the object 'UFAA OPERATIONS$Online Claim$2636ffcf-1aea-4b3a-808a-c1da12e824c1', database 'UFAAv24', schema 'dbo'. (229) (SQLExecDirectW)")
ERROR 2026-06-29 16:02:32,216 exceptions 2015770 125969103417472 Unhandled exception: 'str' object has no attribute 'get'
Traceback (most recent call last):
  File "/var/www/ufaa_reunify_mobile_backend/ufaa_env/lib/python3.12/site-packages/rest_framework/views.py", line 512, in dispatch
    response = handler(request, *args, **kwargs)
               ^^^^^^^^^^^^^^^^^^^^^^^^^^^^^^^^^
  File "/var/www/ufaa_reunify_mobile_backend/ufaa_env/lib/python3.12/site-packages/django/utils/decorators.py", line 48, in _wrapper
    return bound_method(*args, **kwargs)
           ^^^^^^^^^^^^^^^^^^^^^^^^^^^^^
  File "/var/www/ufaa_reunify_mobile_backend/ufaa_env/lib/python3.12/site-packages/axes/decorators.py", line 10, in inner
    if AxesProxyHandler.is_allowed(request):
       ^^^^^^^^^^^^^^^^^^^^^^^^^^^^^^^^^^^^
  File "/var/www/ufaa_reunify_mobile_backend/ufaa_env/lib/python3.12/site-packages/axes/handlers/proxy.py", line 108, in is_allowed
    return cls.get_implementation().is_allowed(request, credentials)
           ^^^^^^^^^^^^^^^^^^^^^^^^^^^^^^^^^^^^^^^^^^^^^^^^^^^^^^^^^
  File "/var/www/ufaa_reunify_mobile_backend/ufaa_env/lib/python3.12/site-packages/axes/handlers/base.py", line 94, in is_allowed
    if self.is_locked(request, credentials):
       ^^^^^^^^^^^^^^^^^^^^^^^^^^^^^^^^^^^^
  File "/var/www/ufaa_reunify_mobile_backend/ufaa_env/lib/python3.12/site-packages/axes/handlers/base.py", line 132, in is_locked
    return self.get_failures(  # type: ignore
           ^^^^^^^^^^^^^^^^^^^^^^^^^^^^^^^^^^
  File "/var/www/ufaa_reunify_mobile_backend/ufaa_env/lib/python3.12/site-packages/axes/handlers/cache.py", line 62, in get_failures
    cache_keys = get_client_cache_keys(request, credentials)
                 ^^^^^^^^^^^^^^^^^^^^^^^^^^^^^^^^^^^^^^^^^^^
  File "/var/www/ufaa_reunify_mobile_backend/ufaa_env/lib/python3.12/site-packages/axes/helpers.py", line 335, in get_client_cache_keys
    username = get_client_username(request_or_attempt, credentials)
               ^^^^^^^^^^^^^^^^^^^^^^^^^^^^^^^^^^^^^^^^^^^^^^^^^^^^
  File "/var/www/ufaa_reunify_mobile_backend/ufaa_env/lib/python3.12/site-packages/axes/helpers.py", line 174, in get_client_username
    return request_data.get(settings.AXES_USERNAME_FORM_FIELD, None)
           ^^^^^^^^^^^^^^^^
AttributeError: 'str' object has no attribute 'get'
ERROR 2026-06-29 16:02:44,189 exceptions 2015769 125969103417472 Unhandled exception: 'str' object has no attribute 'get'
Traceback (most recent call last):
  File "/var/www/ufaa_reunify_mobile_backend/ufaa_env/lib/python3.12/site-packages/rest_framework/views.py", line 512, in dispatch
    response = handler(request, *args, **kwargs)
               ^^^^^^^^^^^^^^^^^^^^^^^^^^^^^^^^^
  File "/var/www/ufaa_reunify_mobile_backend/ufaa_env/lib/python3.12/site-packages/django/utils/decorators.py", line 48, in _wrapper
    return bound_method(*args, **kwargs)
           ^^^^^^^^^^^^^^^^^^^^^^^^^^^^^
  File "/var/www/ufaa_reunify_mobile_backend/ufaa_env/lib/python3.12/site-packages/axes/decorators.py", line 10, in inner
    if AxesProxyHandler.is_allowed(request):
       ^^^^^^^^^^^^^^^^^^^^^^^^^^^^^^^^^^^^
  File "/var/www/ufaa_reunify_mobile_backend/ufaa_env/lib/python3.12/site-packages/axes/handlers/proxy.py", line 108, in is_allowed
    return cls.get_implementation().is_allowed(request, credentials)
           ^^^^^^^^^^^^^^^^^^^^^^^^^^^^^^^^^^^^^^^^^^^^^^^^^^^^^^^^^
  File "/var/www/ufaa_reunify_mobile_backend/ufaa_env/lib/python3.12/site-packages/axes/handlers/base.py", line 94, in is_allowed
    if self.is_locked(request, credentials):
       ^^^^^^^^^^^^^^^^^^^^^^^^^^^^^^^^^^^^
  File "/var/www/ufaa_reunify_mobile_backend/ufaa_env/lib/python3.12/site-packages/axes/handlers/base.py", line 132, in is_locked
    return self.get_failures(  # type: ignore
           ^^^^^^^^^^^^^^^^^^^^^^^^^^^^^^^^^^
  File "/var/www/ufaa_reunify_mobile_backend/ufaa_env/lib/python3.12/site-packages/axes/handlers/cache.py", line 62, in get_failures
    cache_keys = get_client_cache_keys(request, credentials)
                 ^^^^^^^^^^^^^^^^^^^^^^^^^^^^^^^^^^^^^^^^^^^
  File "/var/www/ufaa_reunify_mobile_backend/ufaa_env/lib/python3.12/site-packages/axes/helpers.py", line 335, in get_client_cache_keys
    username = get_client_username(request_or_attempt, credentials)
               ^^^^^^^^^^^^^^^^^^^^^^^^^^^^^^^^^^^^^^^^^^^^^^^^^^^^
  File "/var/www/ufaa_reunify_mobile_backend/ufaa_env/lib/python3.12/site-packages/axes/helpers.py", line 174, in get_client_username
    return request_data.get(settings.AXES_USERNAME_FORM_FIELD, None)
           ^^^^^^^^^^^^^^^^
AttributeError: 'str' object has no attribute 'get'
ERROR 2026-07-07 15:50:57,074 services 2806520 134550555160704 ❌ Error creating claim: ('42S22', "[42S22] [Microsoft][ODBC Driver 18 for SQL Server][SQL Server]Invalid column name 'No_'. (207) (SQLExecDirectW)")
ERROR 2026-07-07 15:50:57,112 services 2806520 134550555160704 ❌ Error creating claim: ('42S22', "[42S22] [Microsoft][ODBC Driver 18 for SQL Server][SQL Server]Invalid column name 'No_'. (207) (SQLExecDirectW)")
ERROR 2026-07-07 15:50:57,165 services 2806520 134550555160704 ❌ Error creating claim: ('42S22', "[42S22] [Microsoft][ODBC Driver 18 for SQL Server][SQL Server]Invalid column name 'No_'. (207) (SQLExecDirectW)")
ERROR 2026-07-07 15:50:57,194 services 2806520 134550555160704 ❌ Error creating claim: ('42S22', "[42S22] [Microsoft][ODBC Driver 18 for SQL Server][SQL Server]Invalid column name 'No_'. (207) (SQLExecDirectW)")
ERROR 2026-07-07 15:50:57,238 services 2806520 134550555160704 ❌ Error creating claim: ('42S22', "[42S22] [Microsoft][ODBC Driver 18 for SQL Server][SQL Server]Invalid column name 'No_'. (207) (SQLExecDirectW)")
ERROR 2026-07-07 15:50:57,262 services 2806520 134550555160704 ❌ Error creating claim: ('42S22', "[42S22] [Microsoft][ODBC Driver 18 for SQL Server][SQL Server]Invalid column name 'No_'. (207) (SQLExecDirectW)")
ERROR 2026-07-07 15:50:57,290 services 2806520 134550555160704 ❌ Error creating claim: ('42S22', "[42S22] [Microsoft][ODBC Driver 18 for SQL Server][SQL Server]Invalid column name 'No_'. (207) (SQLExecDirectW)")
ERROR 2026-07-07 15:50:57,301 services 2806520 134550555160704 ❌ Error creating claim: ('42S22', "[42S22] [Microsoft][ODBC Driver 18 for SQL Server][SQL Server]Invalid column name 'No_'. (207) (SQLExecDirectW)")
ERROR 2026-07-07 15:50:57,328 services 2806520 134550555160704 ❌ Error creating claim: ('42S22', "[42S22] [Microsoft][ODBC Driver 18 for SQL Server][SQL Server]Invalid column name 'No_'. (207) (SQLExecDirectW)")
ERROR 2026-07-07 15:50:57,340 services 2806520 134550555160704 ❌ Error creating claim: ('42S22', "[42S22] [Microsoft][ODBC Driver 18 for SQL Server][SQL Server]Invalid column name 'No_'. (207) (SQLExecDirectW)")
ERROR 2026-07-07 15:50:57,370 services 2806520 134550555160704 ❌ Error creating claim: ('42S22', "[42S22] [Microsoft][ODBC Driver 18 for SQL Server][SQL Server]Invalid column name 'No_'. (207) (SQLExecDirectW)")
ERROR 2026-07-07 15:50:57,383 services 2806520 134550555160704 ❌ Error creating claim: ('42S22', "[42S22] [Microsoft][ODBC Driver 18 for SQL Server][SQL Server]Invalid column name 'No_'. (207) (SQLExecDirectW)")
ERROR 2026-07-07 15:50:57,420 services 2806520 134550555160704 ❌ Error creating claim: ('42S22', "[42S22] [Microsoft][ODBC Driver 18 for SQL Server][SQL Server]Invalid column name 'No_'. (207) (SQLExecDirectW)")
ERROR 2026-07-07 15:50:57,430 services 2806520 134550555160704 ❌ Error creating claim: ('42S22', "[42S22] [Microsoft][ODBC Driver 18 for SQL Server][SQL Server]Invalid column name 'No_'. (207) (SQLExecDirectW)")
ERROR 2026-07-07 15:50:57,472 services 2806520 134550555160704 ❌ Error creating claim: ('42S22', "[42S22] [Microsoft][ODBC Driver 18 for SQL Server][SQL Server]Invalid column name 'No_'. (207) (SQLExecDirectW)")
ERROR 2026-07-07 15:50:57,500 services 2806520 134550555160704 ❌ Error creating claim: ('42S22', "[42S22] [Microsoft][ODBC Driver 18 for SQL Server][SQL Server]Invalid column name 'No_'. (207) (SQLExecDirectW)")
ERROR 2026-07-07 15:50:57,542 services 2806520 134550555160704 ❌ Error creating claim: ('42S22', "[42S22] [Microsoft][ODBC Driver 18 for SQL Server][SQL Server]Invalid column name 'No_'. (207) (SQLExecDirectW)")
ERROR 2026-07-07 15:50:57,571 services 2806520 134550555160704 ❌ Error creating claim: ('42S22', "[42S22] [Microsoft][ODBC Driver 18 for SQL Server][SQL Server]Invalid column name 'No_'. (207) (SQLExecDirectW)")
ERROR 2026-07-07 15:50:57,616 services 2806520 134550555160704 ❌ Error creating claim: ('42S22', "[42S22] [Microsoft][ODBC Driver 18 for SQL Server][SQL Server]Invalid column name 'No_'. (207) (SQLExecDirectW)")
ERROR 2026-07-07 15:50:57,640 services 2806520 134550555160704 ❌ Error creating claim: ('42S22', "[42S22] [Microsoft][ODBC Driver 18 for SQL Server][SQL Server]Invalid column name 'No_'. (207) (SQLExecDirectW)")
ERROR 2026-07-07 22:42:20,842 exceptions 2015769 125969103417472 Unhandled exception: duplicate key value violates unique constraint "users_passport_no_key"
DETAIL:  Key (passport_no)=() already exists.
Traceback (most recent call last):
  File "/var/www/ufaa_reunify_mobile_backend/ufaa_env/lib/python3.12/site-packages/django/db/backends/utils.py", line 105, in _execute
    return self.cursor.execute(sql, params)
           ^^^^^^^^^^^^^^^^^^^^^^^^^^^^^^^^
psycopg2.errors.UniqueViolation: duplicate key value violates unique constraint "users_passport_no_key"
DETAIL:  Key (passport_no)=() already exists.


The above exception was the direct cause of the following exception:

Traceback (most recent call last):
  File "/var/www/ufaa_reunify_mobile_backend/ufaa_env/lib/python3.12/site-packages/rest_framework/views.py", line 512, in dispatch
    response = handler(request, *args, **kwargs)
               ^^^^^^^^^^^^^^^^^^^^^^^^^^^^^^^^^
  File "/var/www/ufaa_reunify_mobile_backend/ufaamobilebackend/apps/api/views.py", line 2421, in update_profile
    serializer.save()
  File "/var/www/ufaa_reunify_mobile_backend/ufaa_env/lib/python3.12/site-packages/rest_framework/serializers.py", line 205, in save
    self.instance = self.update(self.instance, validated_data)
                    ^^^^^^^^^^^^^^^^^^^^^^^^^^^^^^^^^^^^^^^^^^
  File "/var/www/ufaa_reunify_mobile_backend/ufaa_env/lib/python3.12/site-packages/rest_framework/serializers.py", line 1055, in update
    instance.save()
  File "/var/www/ufaa_reunify_mobile_backend/ufaamobilebackend/apps/accounts/models.py", line 187, in save
    super().save(*args, **kwargs)
  File "/var/www/ufaa_reunify_mobile_backend/ufaa_env/lib/python3.12/site-packages/django/contrib/auth/base_user.py", line 62, in save
    super().save(**kwargs)
  File "/var/www/ufaa_reunify_mobile_backend/ufaa_env/lib/python3.12/site-packages/django/db/models/base.py", line 874, in save
    self.save_base(
  File "/var/www/ufaa_reunify_mobile_backend/ufaa_env/lib/python3.12/site-packages/django/db/models/base.py", line 966, in save_base
    updated = self._save_table(
              ^^^^^^^^^^^^^^^^^
  File "/var/www/ufaa_reunify_mobile_backend/ufaa_env/lib/python3.12/site-packages/django/db/models/base.py", line 1110, in _save_table
    results = self._do_update(
              ^^^^^^^^^^^^^^^^
  File "/var/www/ufaa_reunify_mobile_backend/ufaa_env/lib/python3.12/site-packages/django/db/models/base.py", line 1213, in _do_update
    return filtered._update(values, returning_fields)
           ^^^^^^^^^^^^^^^^^^^^^^^^^^^^^^^^^^^^^^^^^^
  File "/var/www/ufaa_reunify_mobile_backend/ufaa_env/lib/python3.12/site-packages/django/db/models/query.py", line 1327, in _update
    return query.get_compiler(self.db).execute_returning_sql(returning_fields)
           ^^^^^^^^^^^^^^^^^^^^^^^^^^^^^^^^^^^^^^^^^^^^^^^^^^^^^^^^^^^^^^^^^^^
  File "/var/www/ufaa_reunify_mobile_backend/ufaa_env/lib/python3.12/site-packages/django/db/models/sql/compiler.py", line 2140, in execute_returning_sql
    row_count = self.execute_sql(ROW_COUNT)
                ^^^^^^^^^^^^^^^^^^^^^^^^^^^
  File "/var/www/ufaa_reunify_mobile_backend/ufaa_env/lib/python3.12/site-packages/django/db/models/sql/compiler.py", line 2111, in execute_sql
    row_count = super().execute_sql(result_type)
                ^^^^^^^^^^^^^^^^^^^^^^^^^^^^^^^^
  File "/var/www/ufaa_reunify_mobile_backend/ufaa_env/lib/python3.12/site-packages/django/db/models/sql/compiler.py", line 1624, in execute_sql
    cursor.execute(sql, params)
  File "/var/www/ufaa_reunify_mobile_backend/ufaa_env/lib/python3.12/site-packages/django/db/backends/utils.py", line 122, in execute
    return super().execute(sql, params)
           ^^^^^^^^^^^^^^^^^^^^^^^^^^^^
  File "/var/www/ufaa_reunify_mobile_backend/ufaa_env/lib/python3.12/site-packages/django/db/backends/utils.py", line 79, in execute
    return self._execute_with_wrappers(
           ^^^^^^^^^^^^^^^^^^^^^^^^^^^^
  File "/var/www/ufaa_reunify_mobile_backend/ufaa_env/lib/python3.12/site-packages/django/db/backends/utils.py", line 92, in _execute_with_wrappers
    return executor(sql, params, many, context)
           ^^^^^^^^^^^^^^^^^^^^^^^^^^^^^^^^^^^^
  File "/var/www/ufaa_reunify_mobile_backend/ufaa_env/lib/python3.12/site-packages/django/db/backends/utils.py", line 100, in _execute
    with self.db.wrap_database_errors:
  File "/var/www/ufaa_reunify_mobile_backend/ufaa_env/lib/python3.12/site-packages/django/db/utils.py", line 94, in __exit__
    raise dj_exc_value.with_traceback(traceback) from exc_value
  File "/var/www/ufaa_reunify_mobile_backend/ufaa_env/lib/python3.12/site-packages/django/db/backends/utils.py", line 105, in _execute
    return self.cursor.execute(sql, params)
           ^^^^^^^^^^^^^^^^^^^^^^^^^^^^^^^^
django.db.utils.IntegrityError: duplicate key value violates unique constraint "users_passport_no_key"
DETAIL:  Key (passport_no)=() already exists.

ERROR 2026-07-07 22:42:29,442 exceptions 2015768 125969103417472 Unhandled exception: duplicate key value violates unique constraint "users_passport_no_key"
DETAIL:  Key (passport_no)=() already exists.
Traceback (most recent call last):
  File "/var/www/ufaa_reunify_mobile_backend/ufaa_env/lib/python3.12/site-packages/django/db/backends/utils.py", line 105, in _execute
    return self.cursor.execute(sql, params)
           ^^^^^^^^^^^^^^^^^^^^^^^^^^^^^^^^
psycopg2.errors.UniqueViolation: duplicate key value violates unique constraint "users_passport_no_key"
DETAIL:  Key (passport_no)=() already exists.


The above exception was the direct cause of the following exception:

Traceback (most recent call last):
  File "/var/www/ufaa_reunify_mobile_backend/ufaa_env/lib/python3.12/site-packages/rest_framework/views.py", line 512, in dispatch
    response = handler(request, *args, **kwargs)
               ^^^^^^^^^^^^^^^^^^^^^^^^^^^^^^^^^
  File "/var/www/ufaa_reunify_mobile_backend/ufaamobilebackend/apps/api/views.py", line 2421, in update_profile
    serializer.save()
  File "/var/www/ufaa_reunify_mobile_backend/ufaa_env/lib/python3.12/site-packages/rest_framework/serializers.py", line 205, in save
    self.instance = self.update(self.instance, validated_data)
                    ^^^^^^^^^^^^^^^^^^^^^^^^^^^^^^^^^^^^^^^^^^
  File "/var/www/ufaa_reunify_mobile_backend/ufaa_env/lib/python3.12/site-packages/rest_framework/serializers.py", line 1055, in update
    instance.save()
  File "/var/www/ufaa_reunify_mobile_backend/ufaamobilebackend/apps/accounts/models.py", line 187, in save
    super().save(*args, **kwargs)
  File "/var/www/ufaa_reunify_mobile_backend/ufaa_env/lib/python3.12/site-packages/django/contrib/auth/base_user.py", line 62, in save
    super().save(**kwargs)
  File "/var/www/ufaa_reunify_mobile_backend/ufaa_env/lib/python3.12/site-packages/django/db/models/base.py", line 874, in save
    self.save_base(
  File "/var/www/ufaa_reunify_mobile_backend/ufaa_env/lib/python3.12/site-packages/django/db/models/base.py", line 966, in save_base
    updated = self._save_table(
              ^^^^^^^^^^^^^^^^^
  File "/var/www/ufaa_reunify_mobile_backend/ufaa_env/lib/python3.12/site-packages/django/db/models/base.py", line 1110, in _save_table
    results = self._do_update(
              ^^^^^^^^^^^^^^^^
  File "/var/www/ufaa_reunify_mobile_backend/ufaa_env/lib/python3.12/site-packages/django/db/models/base.py", line 1213, in _do_update
    return filtered._update(values, returning_fields)
           ^^^^^^^^^^^^^^^^^^^^^^^^^^^^^^^^^^^^^^^^^^
  File "/var/www/ufaa_reunify_mobile_backend/ufaa_env/lib/python3.12/site-packages/django/db/models/query.py", line 1327, in _update
    return query.get_compiler(self.db).execute_returning_sql(returning_fields)
           ^^^^^^^^^^^^^^^^^^^^^^^^^^^^^^^^^^^^^^^^^^^^^^^^^^^^^^^^^^^^^^^^^^^
  File "/var/www/ufaa_reunify_mobile_backend/ufaa_env/lib/python3.12/site-packages/django/db/models/sql/compiler.py", line 2140, in execute_returning_sql
    row_count = self.execute_sql(ROW_COUNT)
                ^^^^^^^^^^^^^^^^^^^^^^^^^^^
  File "/var/www/ufaa_reunify_mobile_backend/ufaa_env/lib/python3.12/site-packages/django/db/models/sql/compiler.py", line 2111, in execute_sql
    row_count = super().execute_sql(result_type)
                ^^^^^^^^^^^^^^^^^^^^^^^^^^^^^^^^
  File "/var/www/ufaa_reunify_mobile_backend/ufaa_env/lib/python3.12/site-packages/django/db/models/sql/compiler.py", line 1624, in execute_sql
    cursor.execute(sql, params)
  File "/var/www/ufaa_reunify_mobile_backend/ufaa_env/lib/python3.12/site-packages/django/db/backends/utils.py", line 122, in execute
    return super().execute(sql, params)
           ^^^^^^^^^^^^^^^^^^^^^^^^^^^^
  File "/var/www/ufaa_reunify_mobile_backend/ufaa_env/lib/python3.12/site-packages/django/db/backends/utils.py", line 79, in execute
    return self._execute_with_wrappers(
           ^^^^^^^^^^^^^^^^^^^^^^^^^^^^
  File "/var/www/ufaa_reunify_mobile_backend/ufaa_env/lib/python3.12/site-packages/django/db/backends/utils.py", line 92, in _execute_with_wrappers
    return executor(sql, params, many, context)
           ^^^^^^^^^^^^^^^^^^^^^^^^^^^^^^^^^^^^
  File "/var/www/ufaa_reunify_mobile_backend/ufaa_env/lib/python3.12/site-packages/django/db/backends/utils.py", line 100, in _execute
    with self.db.wrap_database_errors:
  File "/var/www/ufaa_reunify_mobile_backend/ufaa_env/lib/python3.12/site-packages/django/db/utils.py", line 94, in __exit__
    raise dj_exc_value.with_traceback(traceback) from exc_value
  File "/var/www/ufaa_reunify_mobile_backend/ufaa_env/lib/python3.12/site-packages/django/db/backends/utils.py", line 105, in _execute
    return self.cursor.execute(sql, params)
           ^^^^^^^^^^^^^^^^^^^^^^^^^^^^^^^^
django.db.utils.IntegrityError: duplicate key value violates unique constraint "users_passport_no_key"
DETAIL:  Key (passport_no)=() already exists.

ERROR 2026-07-13 22:20:05,971 exceptions 2847052 137773670166656 Unhandled exception: duplicate key value violates unique constraint "users_passport_no_key"
DETAIL:  Key (passport_no)=() already exists.
Traceback (most recent call last):
  File "/var/www/ufaa_reunify_mobile_backend/ufaa_env/lib/python3.12/site-packages/django/db/backends/utils.py", line 105, in _execute
    return self.cursor.execute(sql, params)
           ^^^^^^^^^^^^^^^^^^^^^^^^^^^^^^^^
psycopg2.errors.UniqueViolation: duplicate key value violates unique constraint "users_passport_no_key"
DETAIL:  Key (passport_no)=() already exists.


The above exception was the direct cause of the following exception:

Traceback (most recent call last):
  File "/var/www/ufaa_reunify_mobile_backend/ufaa_env/lib/python3.12/site-packages/rest_framework/views.py", line 512, in dispatch
    response = handler(request, *args, **kwargs)
               ^^^^^^^^^^^^^^^^^^^^^^^^^^^^^^^^^
  File "/var/www/ufaa_reunify_mobile_backend/ufaamobilebackend/apps/api/views.py", line 2421, in update_profile
    serializer.save()
  File "/var/www/ufaa_reunify_mobile_backend/ufaa_env/lib/python3.12/site-packages/rest_framework/serializers.py", line 205, in save
    self.instance = self.update(self.instance, validated_data)
                    ^^^^^^^^^^^^^^^^^^^^^^^^^^^^^^^^^^^^^^^^^^
  File "/var/www/ufaa_reunify_mobile_backend/ufaa_env/lib/python3.12/site-packages/rest_framework/serializers.py", line 1055, in update
    instance.save()
  File "/var/www/ufaa_reunify_mobile_backend/ufaamobilebackend/apps/accounts/models.py", line 187, in save
    super().save(*args, **kwargs)
  File "/var/www/ufaa_reunify_mobile_backend/ufaa_env/lib/python3.12/site-packages/django/contrib/auth/base_user.py", line 62, in save
    super().save(**kwargs)
  File "/var/www/ufaa_reunify_mobile_backend/ufaa_env/lib/python3.12/site-packages/django/db/models/base.py", line 874, in save
    self.save_base(
  File "/var/www/ufaa_reunify_mobile_backend/ufaa_env/lib/python3.12/site-packages/django/db/models/base.py", line 966, in save_base
    updated = self._save_table(
              ^^^^^^^^^^^^^^^^^
  File "/var/www/ufaa_reunify_mobile_backend/ufaa_env/lib/python3.12/site-packages/django/db/models/base.py", line 1110, in _save_table
    results = self._do_update(
              ^^^^^^^^^^^^^^^^
  File "/var/www/ufaa_reunify_mobile_backend/ufaa_env/lib/python3.12/site-packages/django/db/models/base.py", line 1213, in _do_update
    return filtered._update(values, returning_fields)
           ^^^^^^^^^^^^^^^^^^^^^^^^^^^^^^^^^^^^^^^^^^
  File "/var/www/ufaa_reunify_mobile_backend/ufaa_env/lib/python3.12/site-packages/django/db/models/query.py", line 1327, in _update
    return query.get_compiler(self.db).execute_returning_sql(returning_fields)
           ^^^^^^^^^^^^^^^^^^^^^^^^^^^^^^^^^^^^^^^^^^^^^^^^^^^^^^^^^^^^^^^^^^^
  File "/var/www/ufaa_reunify_mobile_backend/ufaa_env/lib/python3.12/site-packages/django/db/models/sql/compiler.py", line 2140, in execute_returning_sql
    row_count = self.execute_sql(ROW_COUNT)
                ^^^^^^^^^^^^^^^^^^^^^^^^^^^
  File "/var/www/ufaa_reunify_mobile_backend/ufaa_env/lib/python3.12/site-packages/django/db/models/sql/compiler.py", line 2111, in execute_sql
    row_count = super().execute_sql(result_type)
                ^^^^^^^^^^^^^^^^^^^^^^^^^^^^^^^^
  File "/var/www/ufaa_reunify_mobile_backend/ufaa_env/lib/python3.12/site-packages/django/db/models/sql/compiler.py", line 1624, in execute_sql
    cursor.execute(sql, params)
  File "/var/www/ufaa_reunify_mobile_backend/ufaa_env/lib/python3.12/site-packages/django/db/backends/utils.py", line 122, in execute
    return super().execute(sql, params)
           ^^^^^^^^^^^^^^^^^^^^^^^^^^^^
  File "/var/www/ufaa_reunify_mobile_backend/ufaa_env/lib/python3.12/site-packages/django/db/backends/utils.py", line 79, in execute
    return self._execute_with_wrappers(
           ^^^^^^^^^^^^^^^^^^^^^^^^^^^^
  File "/var/www/ufaa_reunify_mobile_backend/ufaa_env/lib/python3.12/site-packages/django/db/backends/utils.py", line 92, in _execute_with_wrappers
    return executor(sql, params, many, context)
           ^^^^^^^^^^^^^^^^^^^^^^^^^^^^^^^^^^^^
  File "/var/www/ufaa_reunify_mobile_backend/ufaa_env/lib/python3.12/site-packages/django/db/backends/utils.py", line 100, in _execute
    with self.db.wrap_database_errors:
  File "/var/www/ufaa_reunify_mobile_backend/ufaa_env/lib/python3.12/site-packages/django/db/utils.py", line 94, in __exit__
    raise dj_exc_value.with_traceback(traceback) from exc_value
  File "/var/www/ufaa_reunify_mobile_backend/ufaa_env/lib/python3.12/site-packages/django/db/backends/utils.py", line 105, in _execute
    return self.cursor.execute(sql, params)
           ^^^^^^^^^^^^^^^^^^^^^^^^^^^^^^^^
django.db.utils.IntegrityError: duplicate key value violates unique constraint "users_passport_no_key"
DETAIL:  Key (passport_no)=() already exists.

